symbol,timestamp,split,actual_return,actual_label_int,actual_label,neutral_band,technical_predicted_return,technical_score,technical_confidence,technical_prob_up,technical_prob_neutral,technical_prob_down,technical_volatility,technical_var_95,technical_es_95,regime_label,regime_score,regime_confidence,regime_transition_probability,regime_ood_warning,regime_ood_alien,regime_risk_level,sentiment_score,sentiment_confidence,sentiment_source_count,sentiment_freshness,sentiment_stale_flag,sentiment_missing,sentiment_dispersion,sentiment_novelty,volatility,macro_differential,rbi_signal,sentiment_quantile,crisis_probability,agent_sign_disagreement_count,agent_score_dispersion
TATASTEEL.NS,2026-02-09 07:45:00+00:00,train_oos,0.0033722189692670934,0,neutral,0.004519189791217833,-0.006928304700226175,-0.5294573102404498,0.6559490459483268,0.12649173570787697,0.21755921834379618,0.6559490459483268,0.007438379582435666,-0.012273326311018847,-0.015323061939817473,Sideways,0.0,0.40822,0.25992000000000004,False,False,full_risk,0.0,0.0,0,missing,True,True,0.0,0.0,0.007438379582435666,0.0,0.0,0.5,0.12397299304059443,1,0.24958856961320783
USDINR=X,2026-02-09 08:00:00+00:00,train_oos,0.0005954444044378171,0,neutral,0.0013658089157530021,0.00035930956567594574,0.5845494362339304,0.5892103657773916,0.5892103657773916,0.40612870467914725,0.004660929543461178,0.0011316178315060044,-0.0018671694219849072,-0.002331132732902369,Sideways,0.0,0.37829500000000005,0.33364000000000005,False,False,full_risk,0.0,0.0,0,missing,True,True,0.0,0.0,0.0011316178315060044,0.0,0.0,0.5,0.01886029719176674,1,0.2755592468665237
TATASTEEL.NS,2026-02-09 08:45:00+00:00,train_oos,-0.004596490516255103,-1,down,0.00451729324325845,-0.004923560200573736,-0.38600125545579533,0.4665165261049174,0.08051527064912205,0.45296820324596054,0.4665165261049174,0.0074345864865169005,-0.012267067702752885,-0.015315248162224815,Sideways,0.0,0.41735500000000003,0.26814,False,False,full_risk,0.0,0.0,0,missing,True,True,0.0,0.0,0.0074345864865169005,0.0,0.0,0.5,0.12390977477528169,1,0.18196273685287578
USDINR=X,2026-02-09 09:00:00+00:00,train_oos,-0.00044081056680855824,0,neutral,0.0013628391994838633,0.00018128127819010495,0.4420041557422338,0.5411068624833332,0.4504486466294503,0.5411068624833332,0.008444490887216475,0.0011256783989677264,-0.0018573693582967486,-0.0023188975018735166,Sideways,0.0,0.41227,0.26742,False,False,full_risk,0.0,0.0,0,missing,True,True,0.0,0.0,0.0011256783989677264,0.0,0.0,0.5,0.018761306649462108,1,0.20836275722531225
TATASTEEL.NS,2026-02-09 09:45:00+00:00,train_oos,0.03694142337079853,1,up,0.004328556911818523,-0.005239267205261123,-0.7303356077383287,0.8070283150916286,0.0766927073532999,0.11627897755507136,0.8070283150916286,0.007057113823637046,-0.011644237809001125,-0.014537654476692315,Sideways,0.0,0.38639500000000004,0.31384000000000006,False,False,full_risk,0.0,0.0,0,missing,True,True,0.0,0.0,0.007057113823637046,0.0,0.0,0.5,0.1176185637272841,1,0.3442835071825137
USDINR=X,2026-02-09 10:00:00+00:00,train_oos,-0.0004850802291745948,0,neutral,0.0013643576842517625,0.00010297560034917868,0.5390313763685228,0.5529443165054434,0.5529443165054434,0.433142743357636,0.013912940136920572,0.0011287153685035252,-0.0018623803580308164,-0.002325153659117262,Sideways,0.0,0.402955,0.2638,False,False,full_risk,0.0,0.0,0,missing,True,True,0.0,0.0,0.0011287153685035252,0.0,0.0,0.5,0.018811922808392088,1,0.2541018276683338
TATASTEEL.NS,2026-02-10 03:45:00+00:00,train_oos,-0.0020111002504796804,0,neutral,0.006023238259840579,0.0055110127353588945,-0.0674048576213005,0.6762164352336889,0.12818935357250533,0.6762164352336889,0.19559421119380582,0.010446476519681157,-0.017236686257473908,-0.021519741630543186,Sideways,0.0,0.32203800000000005,0.3909,True,False,reduced_risk,0.0,0.0,0,missing,True,True,0.0,0.0,0.010446476519681157,0.0,0.0,0.5,0.42410794199468593,1,0.031774954605956876
USDINR=X,2026-02-10 04:00:00+00:00,train_oos,-0.0007445938681416298,0,neutral,0.0013664851046268453,0.00020126065083891367,0.6438633051864766,0.6563359547921888,0.6563359547921888,0.3311913956020989,0.012472649605712203,0.0011329702092536906,-0.0018694008452685895,-0.0023339186310626027,Sideways,0.0,0.40376500000000004,0.26146,False,False,full_risk,0.0,0.0,0,missing,True,True,0.0,0.0,0.0011329702092536906,0.0,0.0,0.5,0.018882836820894845,1,0.3035200728363608
TATASTEEL.NS,2026-02-10 04:45:00+00:00,train_oos,-0.007484874639185124,-1,down,0.006051995753979803,-0.00860189939580082,-0.6080483838114262,0.6093243741734601,0.001275990362033879,0.3893996354645061,0.6093243741734601,0.010503991507959606,-0.01733158598813335,-0.021638222506396788,Sideways,0.0,0.38653000000000004,0.266,False,False,full_risk,0.0,0.0,0,missing,True,True,0.0,0.0,0.010503991507959606,0.0,0.0,0.5,0.1750665251326601,1,0.28663675698838664
USDINR=X,2026-02-10 05:00:00+00:00,train_oos,0.0009382574232743579,0,neutral,0.0013530798519153964,0.00031194330928291684,0.7588298662086862,0.7669779292372046,0.7669779292372046,0.22487400773427682,0.008148063028518445,0.0011061597038307925,-0.0018251635113208074,-0.0022786889898914328,Sideways,0.0,0.392155,0.29452000000000006,False,False,full_risk,0.0,0.0,0,missing,True,True,0.0,0.0,0.0011061597038307925,0.0,0.0,0.5,0.018435995063846543,1,0.3577158294420284
TATASTEEL.NS,2026-02-10 05:45:00+00:00,train_oos,0.00430242379881296,0,neutral,0.006161032196213058,-0.0011767249137138878,-0.6979143292329058,0.7443615845452441,0.04644725531233839,0.2091911601424174,0.7443615845452441,0.010722064392426116,-0.01769140624750309,-0.022087452648397798,Sideways,0.0,0.36844,0.32838,False,False,full_risk,0.0,0.0,0,missing,True,True,0.0,0.0,0.010722064392426116,0.0,0.0,0.5,0.17870107320710193,1,0.3289999699252323
USDINR=X,2026-02-10 06:00:00+00:00,train_oos,-0.0013785117911810918,-1,down,0.0013372234777091563,0.0005787879142015977,0.7567431623442341,0.762017794135181,0.762017794135181,0.23270757407387213,0.005274631790946851,0.0010744469554183126,-0.0017728374764402156,-0.0022133607281617238,Sideways,0.0,0.38932,0.2969,False,False,full_risk,0.0,0.0,0,missing,True,True,0.0,0.0,0.0010744469554183126,0.0,0.0,0.5,0.017907449256971877,1,0.35673214780677354
TATASTEEL.NS,2026-02-10 06:45:00+00:00,train_oos,-0.0009626808579648038,0,neutral,0.0061634946038308,-0.0018000619809181646,-0.2805922533542994,0.5831081963759054,0.0681497751348976,0.5831081963759054,0.348742028489197,0.010726989207661599,-0.017699532192641636,-0.022097597767782893,Sideways,0.0,0.393685,0.26658,False,False,full_risk,0.0,0.0,0,missing,True,True,0.0,0.0,0.010726989207661599,0.0,0.0,0.5,0.17878315346102666,1,0.13227245673015928
USDINR=X,2026-02-10 07:00:00+00:00,train_oos,0.0,0,neutral,0.0013653076284440247,0.0005225895077406184,0.07145262105697736,0.5042412568207332,0.5042412568207332,0.06297010741551108,0.4327886357637558,0.0011306152568880496,-0.0018655151738652819,-0.002329067429189382,Sideways,0.0,0.371815,0.35122000000000003,False,False,full_risk,0.0,0.0,0,missing,True,True,0.0,0.0,0.0011306152568880496,0.0,0.0,0.5,0.018843587614800827,1,0.03368308858862759
TATASTEEL.NS,2026-02-10 07:45:00+00:00,train_oos,0.0022645204229938543,0,neutral,0.0061762660608262404,0.00020326333977568846,-0.1937055611987999,0.6251892026007244,0.09055261810023785,0.6251892026007244,0.28425817929903774,0.01075253212165248,-0.017741678000726593,-0.02215021617060411,Sideways,0.0,0.39103000000000004,0.26486,False,False,full_risk,0.0,0.0,0,missing,True,True,0.0,0.0,0.01075253212165248,0.0,0.0,0.5,0.17920886869420802,1,0.09131367725147811
USDINR=X,2026-02-10 08:00:00+00:00,train_oos,0.00027609979259235473,0,neutral,0.001359446337878802,0.0006184161360045634,0.05827522090441695,0.4954216834271798,0.4954216834271798,0.0674318540500574,0.43714646252276285,0.0011188926757576038,-0.001846172915000046,-0.002304918912060664,Sideways,0.0,0.424375,0.25726,False,False,full_risk,0.0,0.0,0,missing,True,True,0.0,0.0,0.0011188926757576038,0.0,0.0,0.5,0.01864821126262673,1,0.02747120258443818
TATASTEEL.NS,2026-02-10 08:45:00+00:00,train_oos,-0.0006249633695912804,0,neutral,0.00617630939147351,-0.0011658306609317855,-0.2619089795901806,0.6727204189077463,0.03268530075103654,0.6727204189077463,0.29459428034121715,0.01075261878294702,-0.017741820991862584,-0.02215039469287086,Sideways,0.0,0.398005,0.25986000000000004,False,False,full_risk,0.0,0.0,0,missing,True,True,0.0,0.0,0.01075261878294702,0.0,0.0,0.5,0.179210313049117,1,0.12346507701457721
USDINR=X,2026-02-10 09:00:00+00:00,train_oos,-0.0005133853327958793,0,neutral,0.001357792809360399,0.0004443628446302683,-0.1345196527771712,0.5261445585514904,0.39162490577431924,0.08223053567419039,0.5261445585514904,0.0011155856187207978,-0.0018407162708893162,-0.0022981063745648434,Sideways,0.0,0.416635,0.26430000000000003,False,False,full_risk,0.0,0.0,0,missing,True,True,0.0,0.0,0.0011155856187207978,0.0,0.0,0.5,0.018593093645346632,1,0.06341317245439836
TATASTEEL.NS,2026-02-10 09:45:00+00:00,train_oos,-0.0031266241685156126,0,neutral,0.005848465658958514,0.0013193231972216573,-0.36004452172056767,0.5464640034216969,0.046745737428867735,0.5464640034216969,0.4067902591494354,0.010096931317917028,-0.016659936674563097,-0.02079967851490908,Sideways,0.0,0.392155,0.26382,False,False,full_risk,0.0,0.0,0,missing,True,True,0.0,0.0,0.010096931317917028,0.0,0.0,0.5,0.16828218863195046,1,0.1697266152251204
USDINR=X,2026-02-10 10:00:00+00:00,train_oos,0.00026512548922008605,0,neutral,0.0013574107422422226,0.00031224942851951367,-0.07794766214256926,0.5032501685478581,0.4253025064052888,0.07144732504685307,0.5032501685478581,0.0011148214844844452,-0.0018394554493993344,-0.0022965322580379573,Sideways,0.0,0.40277500000000005,0.26114000000000004,False,False,full_risk,0.0,0.0,0,missing,True,True,0.0,0.0,0.0011148214844844452,0.0,0.0,0.5,0.018580358074740753,1,0.03674488031909911
TATASTEEL.NS,2026-02-11 03:45:00+00:00,train_oos,-0.005018377327519308,0,neutral,0.005885216726711759,0.005642140359744597,-0.008315499194986475,0.8362535586658826,0.07771547106956551,0.8362535586658826,0.08603097026455199,0.010170433453423517,-0.0167812151981488,-0.020951092914052446,Sideways,0.0,0.38495500000000005,0.26486000000000004,False,False,full_risk,0.0,0.0,0,missing,True,True,0.0,0.0,0.010170433453423517,0.0,0.0,0.5,0.1695072242237253,1,0.00391996391315081
USDINR=X,2026-02-11 04:00:00+00:00,train_oos,-8.28192236645986e-05,0,neutral,0.0013169579943605235,0.0003645426506488745,-0.26309409681889917,0.5946668955759205,0.3315727987570213,0.07376030566705816,0.5946668955759205,0.001033915988721047,-0.0017059613813897273,-0.002129866936765357,Sideways,0.0,0.41605000000000003,0.26358000000000004,False,False,full_risk,0.0,0.0,0,missing,True,True,0.0,0.0,0.001033915988721047,0.0,0.0,0.5,0.01723193314535078,1,0.12402374663386245
TATASTEEL.NS,2026-02-11 04:45:00+00:00,train_oos,0.005528610118915589,0,neutral,0.0059504728662415655,-0.00031992956948816067,-0.03149683253643302,0.8684536294978956,0.05002476898283569,0.8684536294978956,0.08152160151926871,0.01030094573248313,-0.016996560458597165,-0.02121994820891525,Sideways,0.0,0.378925,0.28746,False,False,full_risk,0.0,0.0,0,missing,True,True,0.0,0.0,0.01030094573248313,0.0,0.0,0.5,0.17168242887471885,1,0.014847749248272583
USDINR=X,2026-02-11 05:00:00+00:00,train_oos,-8.28260832564931e-05,0,neutral,0.0013172286583045755,0.00011021171020347798,-0.31533455699793417,0.6106325958773916,0.29529803887945744,0.09406936524315088,0.6106325958773916,0.0010344573166091507,-0.0017068545724050986,-0.0021309820722148504,Sideways,0.0,0.4219,0.25602,False,False,full_risk,0.0,0.0,0,missing,True,True,0.0,0.0,0.0010344573166091507,0.0,0.0,0.5,0.017240955276819177,1,0.14865013573046343
TATASTEEL.NS,2026-02-11 05:45:00+00:00,train_oos,-0.00038584852159595506,0,neutral,0.0058835999897654595,0.000920795170147021,0.0003095600796685499,0.9247269149347028,0.0377913225724829,0.9247269149347028,0.03748176249281435,0.010167199979530918,-0.016775879966226013,-0.020944431957833694,Sideways,0.0,0.39121,0.26436000000000004,False,False,full_risk,0.0,0.0,0,missing,True,True,0.0,0.0,0.010167199979530918,0.0,0.0,0.5,0.169453332992182,1,0.00014592802101218638
USDINR=X,2026-02-11 06:00:00+00:00,train_oos,0.0013254113692133807,1,up,0.0011822971681595214,0.00015733247774499126,-0.3343757583796242,0.6339534975362374,0.29957773915661323,0.06646876330714936,0.6339534975362374,0.0007645943363190428,-0.0012615806549264206,-0.0015750643328172281,Sideways,0.0,0.42172000000000004,0.25576000000000004,False,False,full_risk,0.0,0.0,0,missing,True,True,0.0,0.0,0.0007645943363190428,0.0,0.0,0.5,0.012743238938650713,1,0.15762624414308454
TATASTEEL.NS,2026-02-11 06:45:00+00:00,train_oos,0.0027019822070117883,0,neutral,0.005896551625511477,0.0015965741187784015,0.009168526469915398,0.9289561548470232,0.0401061858114462,0.9289561548470232,0.0309376593415308,0.010193103251022953,-0.01681862036418787,-0.020997792697107283,Sideways,0.0,0.39328,0.26122,False,False,full_risk,0.0,0.0,0,missing,True,True,0.0,0.0,0.010193103251022953,0.0,0.0,0.5,0.16988505418371588,1,0.004322084826910357
USDINR=X,2026-02-11 07:00:00+00:00,train_oos,0.00026466407270619996,0,neutral,0.0012124961138136137,0.00020101582745144032,-0.14140370571751115,0.5066147407698102,0.365211035052299,0.12817422417789068,0.5066147407698102,0.0008249922276272273,-0.001361237175584925,-0.0016994839889120882,Sideways,0.0,0.37060000000000004,0.35154,False,False,full_risk,0.0,0.0,0,missing,True,True,0.0,0.0,0.0008249922276272273,0.0,0.0,0.5,0.013749870460453789,1,0.06665834613183941
TATASTEEL.NS,2026-02-11 07:45:00+00:00,train_oos,-9.625768336019025e-05,0,neutral,0.005894977099780471,-8.766808515484927e-06,-0.0120341687040091,0.960354877828958,0.01380547673351643,0.960354877828958,0.02583964543752553,0.010189954199560942,-0.016813424429275553,-0.02099130565109554,Sideways,0.0,0.39463000000000004,0.2638,False,False,full_risk,0.0,0.0,0,missing,True,True,0.0,0.0,0.010189954199560942,0.0,0.0,0.5,0.16983256999268237,1,0.0056729615310318416
USDINR=X,2026-02-11 08:00:00+00:00,train_oos,0.00017642407332973953,0,neutral,0.0012029864382752408,0.0002577448029193951,0.07366378781419403,0.45688137595552397,0.45688137595552397,0.1599010359031462,0.38321758814132995,0.0008059728765504818,-0.001329855246308295,-0.0016603041256939926,Sideways,0.0,0.417985,0.26364,False,False,full_risk,0.0,0.0,0,missing,True,True,0.0,0.0,0.0008059728765504818,0.0,0.0,0.5,0.013432881275841364,1,0.03472544259420238
TATASTEEL.NS,2026-02-11 08:45:00+00:00,train_oos,-0.0014437105262365968,0,neutral,0.005872412521992239,0.0018537179844627478,0.002297228502590617,0.960952276566869,0.020672475967860746,0.960952276566869,0.01837524746527013,0.010144825043984477,-0.016738961322574387,-0.020898339590608023,Sideways,0.0,0.394135,0.26054,False,False,full_risk,0.0,0.0,0,missing,True,True,0.0,0.0,0.010144825043984477,0.0,0.0,0.5,0.1690804173997413,1,0.001082923901411229
USDINR=X,2026-02-11 09:00:00+00:00,train_oos,-0.000771771743985461,0,neutral,0.0012019551564941074,0.000222565850246368,0.08693996422262262,0.4502811502184624,0.4502811502184624,0.18637766378569792,0.36334118599583975,0.0008039103129882149,-0.0013264520164305545,-0.0016560552447557227,Sideways,0.0,0.42536500000000005,0.25346,False,False,full_risk,0.0,0.0,0,missing,True,True,0.0,0.0,0.0008039103129882149,0.0,0.0,0.5,0.01339850521647025,1,0.04098389217195486
TATASTEEL.NS,2026-02-11 09:45:00+00:00,train_oos,0.006024096385542244,1,up,0.005863280708818325,0.0014842730367789576,0.01146322654417466,0.9748496363719872,0.018306795086093706,0.9748496363719872,0.006843568541919045,0.010126561417636648,-0.01670882633910047,-0.020860716520331498,Sideways,0.0,0.391075,0.25992,False,False,full_risk,0.0,0.0,0,missing,True,True,0.0,0.0,0.010126561417636648,0.0,0.0,0.5,0.16877602362727748,1,0.005403816815775691
USDINR=X,2026-02-11 10:00:00+00:00,train_oos,-0.0005516432073090494,0,neutral,0.001197582500331874,0.0002747804874765173,0.3189470846308107,0.5885062683356315,0.5885062683356315,0.14193454795954774,0.2695591837048208,0.0007951650006637482,-0.0013120222510951843,-0.0016380399013673213,Sideways,0.0,0.38400999999999996,0.31376000000000004,False,False,full_risk,0.0,0.0,0,missing,True,True,0.0,0.0,0.0007951650006637482,0.0,0.0,0.5,0.01325275001106247,1,0.15035309758808393
TATASTEEL.NS,2026-02-12 03:45:00+00:00,train_oos,0.004646712434505984,0,neutral,0.005320873257024378,0.010577004600671548,0.7165280639007557,0.7225094924158062,0.7225094924158062,0.27150907906914334,0.005981428515050422,0.009041746514048755,-0.014918881748180445,-0.018625997818940435,Sideways,0.0,0.389365,0.26242000000000004,False,False,full_risk,0.0,0.0,0,missing,True,True,0.0,0.0,0.009041746514048755,0.0,0.0,0.5,0.15069577523414593,1,0.3377745685964615
USDINR=X,2026-02-12 04:00:00+00:00,train_oos,0.0003311854569492123,0,neutral,0.0011915338123483664,0.00047289968203914254,0.36195201157319334,0.6149414939977418,0.6149414939977418,0.13206902357770986,0.25298948242454844,0.0007830676246967324,-0.0012920615807496085,-0.0016131193068752688,Sideways,0.0,0.39773500000000006,0.2735,False,False,full_risk,0.0,0.0,0,missing,True,True,0.0,0.0,0.0007830676246967324,0.0,0.0,0.5,0.013051127078278874,1,0.1706258145650112
TATASTEEL.NS,2026-02-12 04:45:00+00:00,train_oos,-0.004625220365521154,0,neutral,0.005332311097354951,0.005905497803970651,0.3794546921481001,0.5794483009800837,0.40000319558400826,0.5794483009800837,0.020548503435908153,0.0090646221947099,-0.014956626621271335,-0.018673121721102397,Sideways,0.0,0.39229,0.26212,False,False,full_risk,0.0,0.0,0,missing,True,True,0.0,0.0,0.0090646221947099,0.0,0.0,0.5,0.15107703657849836,1,0.17887665731398358
USDINR=X,2026-02-12 05:00:00+00:00,train_oos,-0.0008829249587881671,0,neutral,0.001186767877215101,0.00017481588153666058,0.04718565578272055,0.43876876161032186,0.43876876161032186,0.1696481325620768,0.3915831058276013,0.0007735357544302016,-0.0012763339948098325,-0.0015934836541262154,Sideways,0.0,0.41443,0.26112,False,False,full_risk,0.0,0.0,0,missing,True,True,0.0,0.0,0.0007735357544302016,0.0,0.0,0.5,0.012892262573836693,1,0.022243531452463952
TATASTEEL.NS,2026-02-12 05:45:00+00:00,train_oos,0.0013891893946482714,0,neutral,0.005364635681969709,0.004367895711369734,0.40562738024676687,0.5520983850152861,0.42676449761574037,0.5520983850152861,0.021137117368973495,0.009129271363939418,-0.015063297750500039,-0.018806299009715203,Sideways,0.0,0.37631499999999996,0.29456,False,False,full_risk,0.0,0.0,0,missing,True,True,0.0,0.0,0.009129271363939418,0.0,0.0,0.5,0.15215452273232363,1,0.1912145808049487
USDINR=X,2026-02-12 06:00:00+00:00,train_oos,0.0009113473276640693,0,neutral,0.0011671658809336675,0.0003589590999975025,0.5726379576993842,0.7227669296137488,0.7227669296137488,0.12710409847188672,0.15012897191436456,0.0007343317618673351,-0.001211647407081103,-0.0015127234294467105,Sideways,0.0,0.378475,0.32836,False,False,full_risk,0.0,0.0,0,missing,True,True,0.0,0.0,0.0007343317618673351,0.0,0.0,0.5,0.01223886269778892,1,0.2699441220360333
TATASTEEL.NS,2026-02-12 06:45:00+00:00,train_oos,-0.006027528450554764,-1,down,0.005346212282496368,0.003909878672635373,0.33185320126177625,0.6303408910508147,0.35075615510548075,0.6303408910508147,0.01890295384370449,0.009092424564992735,-0.015002500532238013,-0.018730394603885033,Sideways,0.0,0.39638500000000004,0.2595,False,False,full_risk,0.0,0.0,0,missing,True,True,0.0,0.0,0.009092424564992735,0.0,0.0,0.5,0.1515404094165456,1,0.15643709931377742
USDINR=X,2026-02-12 07:00:00+00:00,train_oos,2.75327568237671e-05,0,neutral,0.0011438268224197696,8.386923664636283e-05,-0.04415351075240176,0.4335351134659205,0.38938160271351874,0.1770832838205607,0.4335351134659205,0.0006876536448395392,-0.0011346285139852395,-0.0014165665083694507,Sideways,0.0,0.38347,0.3103,False,False,full_risk,0.0,0.0,0,missing,True,True,0.0,0.0,0.0006876536448395392,0.0,0.0,0.5,0.011460894080658987,1,0.020814164577477617
TATASTEEL.NS,2026-02-12 07:45:00+00:00,train_oos,0.0008181642600060268,0,neutral,0.005425301382176887,0.004210355196385169,-0.06732386988588002,0.394604484803807,0.2690358226551565,0.394604484803807,0.33635969254103654,0.009250602764353773,-0.015263494561183725,-0.019056241694568772,Sideways,0.0,0.37123,0.31234,False,False,full_risk,0.0,0.0,0,missing,True,True,0.0,0.0,0.009250602764353773,0.0,0.0,0.5,0.15417671273922956,1,0.03173677662135104
USDINR=X,2026-02-12 08:00:00+00:00,train_oos,-0.00016552877561160084,0,neutral,0.0011357290841552197,5.941220972235638e-05,0.06221141642734679,0.4347315294779942,0.4347315294779942,0.19274835747135832,0.3725201130506474,0.0006714581683104393,-0.0011079059777122247,-0.0013832038267195049,Sideways,0.0,0.42298,0.25318,False,False,full_risk,0.0,0.0,0,missing,True,True,0.0,0.0,0.0006714581683104393,0.0,0.0,0.5,0.011190969471840655,1,0.02932674294866473
TATASTEEL.NS,2026-02-12 08:45:00+00:00,train_oos,0.00014425958036601294,0,neutral,0.0053727187622671325,0.003031148910084152,-0.08763162484514891,0.4683354298228357,0.2220164726660077,0.4683354298228357,0.30964809751115663,0.009145437524534264,-0.015089971915481535,-0.018839601300540586,Sideways,0.0,0.3949,0.25898,False,False,full_risk,0.0,0.0,0,missing,True,True,0.0,0.0,0.009145437524534264,0.0,0.0,0.5,0.15242395874223774,1,0.04130994411626689
USDINR=X,2026-02-12 09:00:00+00:00,train_oos,-0.0002869865011082551,0,neutral,0.0011331390954699727,9.413295647965953e-05,0.17343608834473684,0.49264563299682207,0.49264563299682207,0.18814482235109262,0.31920954465208523,0.0006662781909399455,-0.00109935901505091,-0.0013725330733362878,Sideways,0.0,0.41911000000000004,0.2531,False,False,full_risk,0.0,0.0,0,missing,True,True,0.0,0.0,0.0006662781909399455,0.0,0.0,0.5,0.011104636515665758,1,0.0817585561140217
TATASTEEL.NS,2026-02-12 09:45:00+00:00,train_oos,-0.01913643527886688,-1,down,0.00271092175868449,0.006767780503530231,0.10643594332691186,0.5189175985010148,0.5189175985010148,0.0686007463248822,0.41248165517410296,0.0038218435173689802,-0.006306041803658817,-0.0078729976457801,Sideways,0.0,0.39364000000000005,0.25858,False,False,full_risk,0.0,0.0,0,missing,True,True,0.0,0.0,0.0038218435173689802,0.0,0.0,0.5,0.06369739195614968,1,0.0501743848589643
USDINR=X,2026-02-12 10:00:00+00:00,train_oos,0.0012807753555403867,1,up,0.0011305168430410513,5.902768089140835e-05,0.19850320002997496,0.5074782022055938,0.5074782022055938,0.18354679561878734,0.30897500217561885,0.0006610336860821024,-0.0010907055820354688,-0.0013617293933291309,Sideways,0.0,0.414115,0.25306,False,False,full_risk,0.0,0.0,0,missing,True,True,0.0,0.0,0.0006610336860821024,0.0,0.0,0.5,0.011017228101368372,1,0.09357530588561665
TATASTEEL.NS,2026-02-13 03:45:00+00:00,train_oos,0.004313749425551405,1,up,0.0036520301743044343,0.002459959355953482,0.10572768386270343,0.5074002532327737,0.5074002532327737,0.09092717739715604,0.4016725693700703,0.005704060348608869,-0.009411699575204633,-0.01175036431813427,Sideways,0.0,0.369205,0.31898000000000004,False,False,full_risk,0.0,0.0,0,missing,True,True,0.0,0.0,0.005704060348608869,0.0,0.0,0.5,0.09506767247681448,1,0.049840508145643406
USDINR=X,2026-02-13 04:00:00+00:00,train_oos,0.00046858227362522875,0,neutral,0.0011512120105046802,-0.00010110604032898899,-0.20704363266188058,0.4901024929383686,0.283058860276488,0.22683864678514343,0.4901024929383686,0.0007024240210093604,-0.0011589996346654445,-0.0014469934832792824,Sideways,0.0,0.37041999999999997,0.34782,False,False,full_risk,0.0,0.0,0,missing,True,True,0.0,0.0,0.0007024240210093604,0.0,0.0,0.5,0.011707067016822673,1,0.09760130443780822
TATASTEEL.NS,2026-02-13 04:45:00+00:00,train_oos,-0.00019527793815099503,0,neutral,0.0036067691036736674,-0.0007422016209690561,0.10085645937835341,0.4669673234753707,0.4669673234753707,0.16692181242761206,0.36611086409701726,0.005613538207347335,-0.009262338042123102,-0.011563888707135511,Sideways,0.0,0.39377500000000004,0.25714,False,False,full_risk,0.0,0.0,0,missing,True,True,0.0,0.0,0.005613538207347335,0.0,0.0,0.5,0.09355897012245559,1,0.04754419090193284
USDINR=X,2026-02-13 05:00:00+00:00,train_oos,-8.265720635458607e-05,0,neutral,0.001139379234370525,-0.00016136833432777345,-0.24844444858289041,0.4825665519862444,0.23412210340335396,0.28331134461040175,0.4825665519862444,0.0006787584687410501,-0.0011199514734227325,-0.0013982424456065632,Sideways,0.0,0.40084000000000003,0.26002,False,False,full_risk,0.0,0.0,0,missing,True,True,0.0,0.0,0.0006787584687410501,0.0,0.0,0.5,0.01131264114568417,1,0.11711783622740958
TATASTEEL.NS,2026-02-13 05:45:00+00:00,train_oos,0.0025385875891306142,0,neutral,0.0035507202359178034,0.0010517744665213278,0.1384660168507878,0.47798600592648044,0.47798600592648044,0.182494004997827,0.33951998907569264,0.005501440471835607,-0.00907737677852875,-0.01133296737198135,Sideways,0.0,0.39544,0.2581,False,False,full_risk,0.0,0.0,0,missing,True,True,0.0,0.0,0.005501440471835607,0.0,0.0,0.5,0.09169067453059344,1,0.06527350631938854
USDINR=X,2026-02-13 06:00:00+00:00,train_oos,0.00011024675005444351,0,neutral,0.0010968470112531377,-0.00017053599277301948,-0.1927642353249907,0.4586252939831747,0.265861058658184,0.27551364735864137,0.4586252939831747,0.0005936940225062755,-0.0009795951371353545,-0.0012230096863629274,Sideways,0.0,0.419155,0.25074,False,False,full_risk,0.0,0.0,0,missing,True,True,0.0,0.0,0.0005936940225062755,0.0,0.0,0.5,0.009894900375104591,1,0.0908699319790269
TATASTEEL.NS,2026-02-13 06:45:00+00:00,train_oos,-0.003457375885065117,0,neutral,0.0035739190700310925,0.00029451344047208626,-0.27353843310418346,0.4904316160326953,0.2168931829285118,0.2926752010387931,0.4904316160326953,0.005547838140062185,-0.009153932931102605,-0.011428546568528103,Sideways,0.0,0.3949,0.25658000000000003,False,False,full_risk,0.0,0.0,0,missing,True,True,0.0,0.0,0.005547838140062185,0.0,0.0,0.5,0.09246396900103643,1,0.1289472539754073
USDINR=X,2026-02-13 07:00:00+00:00,train_oos,-0.0005785844868726464,0,neutral,0.0010966369876071905,1.989100952190593e-05,-0.044656506656031325,0.40070815358113226,0.35605164692510094,0.24324019949376688,0.40070815358113226,0.000593273975214381,-0.0009789020591037287,-0.0012221443889416249,Sideways,0.0,0.421135,0.25686,False,False,full_risk,0.0,0.0,0,missing,True,True,0.0,0.0,0.000593273975214381,0.0,0.0,0.5,0.00988789958690635,1,0.021051279120387963
TATASTEEL.NS,2026-02-13 07:45:00+00:00,train_oos,-0.007280675684401272,-1,down,0.0035722320360623804,0.0011931908639045941,-0.2573606051260233,0.48340698862392073,0.2260463834978974,0.29054662787818186,0.48340698862392073,0.005544464072124761,-0.009148365719005855,-0.011421595988577008,Sideways,0.0,0.38860000000000006,0.2576,False,False,full_risk,0.0,0.0,0,missing,True,True,0.0,0.0,0.005544464072124761,0.0,0.0,0.5,0.09240773453541268,1,0.12132095272992295
USDINR=X,2026-02-13 08:00:00+00:00,train_oos,-0.0005238123001998218,0,neutral,0.001105258475003554,0.00010615367202535423,0.23050158276475924,0.49409299106125365,0.49409299106125365,0.2423156006422519,0.2635914082964944,0.000610516950007108,-0.001007352967511728,-0.0012576649170146425,Sideways,0.0,0.38324500000000006,0.31364000000000003,False,False,full_risk,0.0,0.0,0,missing,True,True,0.0,0.0,0.000610516950007108,0.0,0.0,0.5,0.010175282500118467,1,0.10865948816479566
TATASTEEL.NS,2026-02-13 08:45:00+00:00,train_oos,-0.0008860402211338103,0,neutral,0.003664971462488057,-0.0004609918472660197,-0.7254085708521835,0.7954928378483875,0.07008426699620411,0.13442289515540823,0.7954928378483875,0.005729942924976114,-0.009454405826210587,-0.011803682425450795,Sideways,0.0,0.374695,0.29604,False,False,full_risk,0.0,0.0,0,missing,True,True,0.0,0.0,0.005729942924976114,0.0,0.0,0.5,0.0954990487496019,1,0.3419608797202807
USDINR=X,2026-02-13 09:00:00+00:00,train_oos,4.4108817125243505e-05,0,neutral,0.0011055174462385876,0.00018941839595686407,0.36929240081415393,0.5649203227935413,0.5649203227935413,0.2394517552270713,0.19562792197938736,0.0006110348924771749,-0.0010082075725873386,-0.0012587318785029803,Sideways,0.0,0.389455,0.29516000000000003,False,False,full_risk,0.0,0.0,0,missing,True,True,0.0,0.0,0.0006110348924771749,0.0,0.0,0.5,0.010183914874619582,1,0.17408610723756585
TATASTEEL.NS,2026-02-13 09:45:00+00:00,train_oos,0.005714866915587313,1,up,0.003655406650878959,-0.0009744937998640419,-0.7306662386356348,0.7827476118233926,0.05208137318775779,0.1651710149888497,0.7827476118233926,0.0057108133017579185,-0.009422841947900565,-0.011764275401621312,Sideways,0.0,0.39544,0.25701999999999997,False,False,full_risk,0.0,0.0,0,missing,True,True,0.0,0.0,0.0057108133017579185,0.0,0.0,0.5,0.09518022169596531,1,0.34443936808221703
USDINR=X,2026-02-13 10:00:00+00:00,train_oos,0.0005902240149289195,0,neutral,0.0011045396911471888,0.00014249766285398324,0.21236957571738807,0.48095429630402997,0.48095429630402997,0.2504609831093282,0.2685847205866419,0.0006090793822943777,-0.0010049809807857232,-0.001254703527526418,Sideways,0.0,0.41767000000000004,0.25778,False,False,full_risk,0.0,0.0,0,missing,True,True,0.0,0.0,0.0006090793822943777,0.0,0.0,0.5,0.010151323038239629,1,0.10011197807165005
TATASTEEL.NS,2026-02-16 03:45:00+00:00,train_oos,-0.003331011452014976,0,neutral,0.003709414254460363,0.000915880628334637,-0.15907360976642876,0.42480399166517563,0.26573038189874687,0.30946562643607745,0.42480399166517563,0.005818828508920726,-0.009601067039719196,-0.011986786728376695,Sideways,0.0,0.38783500000000004,0.25506,False,False,full_risk,0.0,0.0,0,missing,True,True,0.0,0.0,0.005818828508920726,0.0,0.0,0.5,0.09698047514867876,1,0.07498801878244293
USDINR=X,2026-02-16 04:00:00+00:00,train_oos,0.00019297992209632575,0,neutral,0.0011100252632949333,-6.658493733288846e-05,-0.12363065007539681,0.4312618278514614,0.3076311777760646,0.2611069943724739,0.4312618278514614,0.0006200505265898666,-0.0010230833688732797,-0.0012773040847751252,Sideways,0.0,0.380815,0.31418,False,False,full_risk,0.0,0.0,0,missing,True,True,0.0,0.0,0.0006200505265898666,0.0,0.0,0.5,0.010334175443164444,1,0.05828004735387615
TATASTEEL.NS,2026-02-16 04:45:00+00:00,train_oos,0.00019656583511795667,0,neutral,0.003636128826039318,0.0019335611504849803,-0.5911170856097272,0.7203741615598159,0.12925707595008867,0.1503687624900955,0.7203741615598159,0.005672257652078636,-0.009359225125929748,-0.01168485076328199,Sideways,0.0,0.38869000000000004,0.25692,False,False,full_risk,0.0,0.0,0,missing,True,True,0.0,0.0,0.005672257652078636,0.0,0.0,0.5,0.09453762753464394,1,0.2786552664732447
USDINR=X,2026-02-16 05:00:00+00:00,train_oos,-0.00011026497995170192,0,neutral,0.001109650380958238,-2.0211887071231994e-05,-0.06248761531286651,0.3901050651055496,0.3276174497926831,0.28227748510176737,0.3901050651055496,0.0006193007619164761,-0.0010218462571621855,-0.001275759569547941,Sideways,0.0,0.41101000000000004,0.25792000000000004,False,False,full_risk,0.0,0.0,0,missing,True,True,0.0,0.0,0.0006193007619164761,0.0,0.0,0.5,0.010321679365274603,1,0.02945694435193617
TATASTEEL.NS,2026-02-16 05:45:00+00:00,train_oos,0.007272706277833274,1,up,0.003638342252772261,0.0012290821226758266,-0.5565570897302933,0.6795090200020641,0.12295193027177088,0.19753904972616487,0.6795090200020641,0.0056766845055445225,-0.009366529434148462,-0.011693970081421716,Sideways,0.0,0.39548500000000003,0.25464000000000003,False,False,full_risk,0.0,0.0,0,missing,True,True,0.0,0.0,0.0056766845055445225,0.0,0.0,0.5,0.09461140842574205,1,0.26236352817716013
USDINR=X,2026-02-16 06:00:00+00:00,train_oos,0.00011027713965838792,0,neutral,0.0010740861810144878,-0.0001941153650931713,-0.1855534891150757,0.4551650603569015,0.26961157124182583,0.2752233684012727,0.4551650603569015,0.0005481723620289758,-0.00090448439734781,-0.0011292350657796902,Sideways,0.0,0.41722000000000004,0.2504,False,False,full_risk,0.0,0.0,0,missing,True,True,0.0,0.0,0.0005481723620289758,0.0,0.0,0.5,0.009136206033816263,1,0.08747075361739617
TATASTEEL.NS,2026-02-16 06:45:00+00:00,train_oos,4.8832890202188395e-05,0,neutral,0.003758130008838305,0.001091345055846849,-0.404597711175953,0.5676468357169826,0.1630491245410296,0.2693040397419878,0.5676468357169826,0.00591626001767661,-0.009761829029166405,-0.012187495636413817,Sideways,0.0,0.35984499999999997,0.34666,False,False,full_risk,0.0,0.0,0,missing,True,True,0.0,0.0,0.00591626001767661,0.0,0.0,0.5,0.0986043336279435,1,0.19072919015004836
USDINR=X,2026-02-16 07:00:00+00:00,train_oos,-0.0006890089365098051,0,neutral,0.00107282974317073,-2.9586764341365304e-05,-0.058232040707936694,0.40142533661363977,0.3431932959057031,0.2553813674806572,0.40142533661363977,0.0005456594863414599,-0.0009003381524634089,-0.0011240585418634075,Sideways,0.0,0.416995,0.25762,False,False,full_risk,0.0,0.0,0,missing,True,True,0.0,0.0,0.0005456594863414599,0.0,0.0,0.5,0.009094324772357667,1,0.027450847244608743
TATASTEEL.NS,2026-02-16 07:45:00+00:00,train_oos,0.004195329466344377,1,up,0.0037585453988423145,0.0015414039979217372,-0.3872077563693074,0.5759620890173894,0.18875433264808203,0.2352835783345286,0.5759620890173894,0.005917090797684629,-0.009763199816179638,-0.012189207043230336,Sideways,0.0,0.396745,0.25528,False,False,full_risk,0.0,0.0,0,missing,True,True,0.0,0.0,0.005917090797684629,0.0,0.0,0.5,0.0986181799614105,1,0.18253148683784387
USDINR=X,2026-02-16 08:00:00+00:00,train_oos,-2.7606292854476244e-05,0,neutral,0.0010830369954283206,9.395501596398971e-05,0.28719292356728543,0.5052446371969486,0.5052446371969486,0.27670364917338836,0.2180517136296631,0.0005660739908566411,-0.0009340220849134578,-0.0011661124211646808,Sideways,0.0,0.37465000000000004,0.3356,False,False,full_risk,0.0,0.0,0,missing,True,True,0.0,0.0,0.0005660739908566411,0.0,0.0,0.5,0.009434566514277353,1,0.1353840425088116
TATASTEEL.NS,2026-02-16 08:45:00+00:00,train_oos,-0.00252613192636697,0,neutral,0.0038057838764604048,0.0014448056592662006,-0.15117076323502499,0.4399238286912565,0.28875306545623153,0.2713231058525119,0.4399238286912565,0.00601156775292081,-0.009919086792319336,-0.012383829571016868,Sideways,0.0,0.38131,0.26314000000000004,False,False,full_risk,0.0,0.0,0,missing,True,True,0.0,0.0,0.00601156775292081,0.0,0.0,0.5,0.1001927958820135,1,0.07126258120042146
USDINR=X,2026-02-16 09:00:00+00:00,train_oos,0.0002978700231235365,0,neutral,0.0010692253774094124,0.0001188568209452031,0.23230242401553838,0.47223025674598046,0.47223025674598046,0.2878419105235775,0.23992783273044208,0.0005384507548188245,-0.0008884437454510604,-0.0011092085549267786,Sideways,0.0,0.41996500000000003,0.25082,False,False,full_risk,0.0,0.0,0,missing,True,True,0.0,0.0,0.0005384507548188245,0.0,0.0,0.5,0.008974179246980409,1,0.10950841287163991
TATASTEEL.NS,2026-02-16 09:45:00+00:00,train_oos,-0.011980746563725608,-1,down,0.0037167097747666357,0.0023214076078674536,-0.06763761929971607,0.42566113999474736,0.3580235206950313,0.21631533931022143,0.42566113999474736,0.005833419549533272,-0.009625142256729897,-0.01201684427203854,Sideways,0.0,0.38914000000000004,0.25592000000000004,False,False,full_risk,0.0,0.0,0,missing,True,True,0.0,0.0,0.005833419549533272,0.0,0.0,0.5,0.09722365915888787,1,0.03188467951342889
USDINR=X,2026-02-16 10:00:00+00:00,train_oos,0.0010257005728440127,0,neutral,0.0010626458337553047,3.7295031212533034e-05,0.06492286278721066,0.3815784771308473,0.3815784771308473,0.30176590852551605,0.31665561434363665,0.0005252916675106094,-0.0008667312513925055,-0.0010821008350718553,Sideways,0.0,0.40520500000000004,0.25564,False,False,full_risk,0.0,0.0,0,missing,True,True,0.0,0.0,0.0005252916675106094,0.0,0.0,0.5,0.008754861125176823,1,0.030604931020586944
TATASTEEL.NS,2026-02-17 03:45:00+00:00,train_oos,-0.0023167606448238898,0,neutral,0.003894467042725173,0.0014925837664509262,0.0010399914324119575,0.39891948327113524,0.39891948327113524,0.20320102489014152,0.3978794918387233,0.0061889340854503466,-0.01021174124099307,-0.012749204216027715,Sideways,0.0,0.366865,0.32330000000000003,False,False,full_risk,0.0,0.0,0,missing,True,True,0.0,0.0,0.0061889340854503466,0.0,0.0,0.5,0.10314890142417245,1,0.0004902566628229374
USDINR=X,2026-02-17 04:00:00+00:00,train_oos,-0.0001376846617773264,0,neutral,0.001083081516718488,-5.375085057089904e-05,-0.15737187447696094,0.4040109099127107,0.24663903543574978,0.34935005465153957,0.4040109099127107,0.0005661630334369757,-0.0009341690051710099,-0.0011662958488801699,Sideways,0.0,0.37015000000000003,0.3457,False,False,full_risk,0.0,0.0,0,missing,True,True,0.0,0.0,0.0005661630334369757,0.0,0.0,0.5,0.009436050557282928,1,0.07418581307379815
TATASTEEL.NS,2026-02-17 04:45:00+00:00,train_oos,0.00291507714660022,0,neutral,0.003875879181950664,9.798294162379395e-05,-0.10670575124608561,0.39119906508656627,0.28449331384048065,0.32430762107295313,0.39119906508656627,0.006151758363901329,-0.010150401300437192,-0.012672622229636736,Sideways,0.0,0.39346000000000003,0.2554,False,False,full_risk,0.0,0.0,0,missing,True,True,0.0,0.0,0.006151758363901329,0.0,0.0,0.5,0.10252930606502214,1,0.050301573531808016
USDINR=X,2026-02-17 05:00:00+00:00,train_oos,-0.00023690403251352965,0,neutral,0.0010609269195345065,5.5719311961452276e-05,0.12678668342593757,0.3782123227903755,0.3782123227903755,0.3703620378451866,0.2514256393644379,0.000521853839069013,-0.0008610588344638714,-0.001075018908482167,Sideways,0.0,0.40997500000000003,0.24944,False,False,full_risk,0.0,0.0,0,missing,True,True,0.0,0.0,0.000521853839069013,0.0,0.0,0.5,0.00869756398448355,1,0.05976781574308834
TATASTEEL.NS,2026-02-17 05:45:00+00:00,train_oos,0.002709432869034911,0,neutral,0.0038995431150127455,-0.00012066178430331098,0.04808743109471697,0.395623424508722,0.3262320032929975,0.395623424508722,0.27814457219828054,0.006199086230025491,-0.01022849227954206,-0.012770117633852511,Sideways,0.0,0.38689000000000007,0.25354,False,False,full_risk,0.0,0.0,0,missing,True,True,0.0,0.0,0.006199086230025491,0.0,0.0,0.5,0.1033181038337582,1,0.02266863241127681
USDINR=X,2026-02-17 06:00:00+00:00,train_oos,0.0003471155354888289,0,neutral,0.0010464518390184711,7.258614785081193e-05,0.21640309248953482,0.43596681373479446,0.43596681373479446,0.3444694650199459,0.21956372124525964,0.0004929036780369423,-0.0008132910687609548,-0.001015381576756101,Sideways,0.0,0.40318000000000004,0.25426,False,False,full_risk,0.0,0.0,0,missing,True,True,0.0,0.0,0.0004929036780369423,0.0,0.0,0.5,0.008215061300615705,1,0.10201339611272647
TATASTEEL.NS,2026-02-17 06:45:00+00:00,train_oos,-0.00412693507712647,-1,down,0.0038836101373908396,-1.5447483371443162e-05,-0.038714674975636076,0.40301434270124586,0.27913549116155906,0.40301434270124586,0.31785016613719513,0.006167220274781679,-0.01017591345338977,-0.01270447376605026,Sideways,0.0,0.38914000000000004,0.25328,False,False,full_risk,0.0,0.0,0,missing,True,True,0.0,0.0,0.006167220274781679,0.0,0.0,0.5,0.10278700457969465,1,0.01825027280447027
USDINR=X,2026-02-17 07:00:00+00:00,train_oos,-0.0005233506343336192,0,neutral,0.001048387152390294,5.4601461424253517e-05,0.08522681055312353,0.37772781644599,0.37772781644599,0.3297711776611435,0.2925010058928665,0.000496774304780588,-0.0008196776028879701,-0.0010233550678480114,Sideways,0.0,0.405025,0.25620000000000004,False,False,full_risk,0.0,0.0,0,missing,True,True,0.0,0.0,0.000496774304780588,0.0,0.0,0.5,0.008279571746343133,1,0.04017630378734324
TATASTEEL.NS,2026-02-17 07:45:00+00:00,train_oos,0.0016280307647904557,0,neutral,0.003894534029924936,-0.00010854801887584216,-0.23035449822647916,0.4750042927306819,0.24464979450420274,0.28034591276511533,0.4750042927306819,0.006189068059849872,-0.010211962298752288,-0.012749480203290737,Sideways,0.0,0.38405500000000004,0.25596,False,False,full_risk,0.0,0.0,0,missing,True,True,0.0,0.0,0.006189068059849872,0.0,0.0,0.5,0.10315113433083122,1,0.10859015184851196
USDINR=X,2026-02-17 08:00:00+00:00,train_oos,-0.0008267315357963767,0,neutral,0.0010561683068790184,2.0940080425272534e-05,0.2072259316319547,0.43263409396277464,0.43263409396277464,0.34195774370640547,0.22540816233081992,0.0005123366137580368,-0.0008453554127007606,-0.0010554134243415557,Sideways,0.0,0.37546,0.33308,False,False,full_risk,0.0,0.0,0,missing,True,True,0.0,0.0,0.0005123366137580368,0.0,0.0,0.5,0.008538943562633947,1,0.0976872409964367
TATASTEEL.NS,2026-02-17 08:45:00+00:00,train_oos,0.00024628405683135846,0,neutral,0.003907807698122338,-0.0016012685454130148,-0.345689580146755,0.4923798892520734,0.1466903091053184,0.36092980164260824,0.4923798892520734,0.006215615396244676,-0.010255765403803714,-0.012804167716264032,Sideways,0.0,0.392155,0.25298,False,False,full_risk,0.0,0.0,0,missing,True,True,0.0,0.0,0.006215615396244676,0.0,0.0,0.5,0.10359358993741127,1,0.16295963087153398
USDINR=X,2026-02-17 09:00:00+00:00,train_oos,4.410638527474475e-05,0,neutral,0.0010724751931963207,9.51432366761579e-05,0.3486290804404826,0.4836194323740389,0.4836194323740389,0.38139021569240483,0.13499035193355635,0.0005449503863926415,-0.0008991681375478584,-0.0011225977959688415,Sideways,0.0,0.37370500000000006,0.3341,False,False,full_risk,0.0,0.0,0,missing,True,True,0.0,0.0,0.0005449503863926415,0.0,0.0,0.5,0.009082506439877359,1,0.16434532459886372
TATASTEEL.NS,2026-02-17 09:45:00+00:00,train_oos,0.019155009624653108,1,up,0.003079952210891291,-0.0011528668280469572,-0.45091388520689124,0.6286357775174441,0.17772189231055288,0.19364233017200302,0.6286357775174441,0.004559904421782582,-0.0075238422959412595,-0.00939340310887212,Sideways,0.0,0.39607000000000003,0.25276,False,False,full_risk,0.0,0.0,0,missing,True,True,0.0,0.0,0.004559904421782582,0.0,0.0,0.5,0.0759984070297097,1,0.21256284397397684
USDINR=X,2026-02-17 10:00:00+00:00,train_oos,0.00034206191623686877,0,neutral,0.0010299306089705852,0.00013067265215027071,0.33943603527427546,0.47469516465632194,0.47469516465632194,0.3900457059616316,0.13525912938204646,0.0004598612179411704,-0.0007587710096029312,-0.000947314108958811,Sideways,0.0,0.419065,0.25392,False,False,full_risk,0.0,0.0,0,missing,True,True,0.0,0.0,0.0004598612179411704,0.0,0.0,0.5,0.007664353632352841,1,0.16001168154767756
TATASTEEL.NS,2026-02-18 03:45:00+00:00,train_oos,0.010291370103153952,1,up,0.003917793346542359,0.00035721442816691166,-0.060931806670419864,0.6622513351350608,0.1384084290972597,0.6622513351350608,0.19934023576767956,0.006235586693084718,-0.010288718043589783,-0.012845308587754518,Sideways,0.0,0.3202155,0.36152,True,False,reduced_risk,0.0,0.0,0,missing,True,True,0.0,0.0,0.006235586693084718,0.0,0.0,0.5,0.3539264448847453,1,0.028723529124401063
USDINR=X,2026-02-18 04:00:00+00:00,train_oos,0.00027564263185198,0,neutral,0.0010267683966481513,0.0002215543396547212,0.39595267717281407,0.5263378760349395,0.5263378760349395,0.34327692510293506,0.13038519886212546,0.00045353679329630277,-0.0007483357089388995,-0.0009342857941903837,Sideways,0.0,0.39868000000000003,0.2602,False,False,full_risk,0.0,0.0,0,missing,True,True,0.0,0.0,0.00045353679329630277,0.0,0.0,0.5,0.0075589465549383795,1,0.1866538820385765
TATASTEEL.NS,2026-02-18 04:45:00+00:00,train_oos,0.0008607970852576585,0,neutral,0.004100941356977897,-0.0037848707338857764,-0.5986774244012376,0.6293095286028024,0.030632104201564786,0.34005836719563276,0.6293095286028024,0.0066018827139557945,-0.01089310647802706,-0.013599878390748938,Sideways,0.0,0.36079,0.34134000000000003,False,False,full_risk,0.0,0.0,0,missing,True,True,0.0,0.0,0.0066018827139557945,0.0,0.0,0.5,0.11003137856592991,1,0.2822192443582745
USDINR=X,2026-02-18 05:00:00+00:00,train_oos,-0.0005512174646687962,0,neutral,0.0010292317263185602,0.00024984639377631144,0.3861450387631191,0.5239992120900987,0.5239992120900987,0.3381466145829217,0.13785417332697955,0.0004584634526371204,-0.0007564646968512486,-0.000944434712432468,Sideways,0.0,0.40682500000000005,0.25318,False,False,full_risk,0.0,0.0,0,missing,True,True,0.0,0.0,0.0004584634526371204,0.0,0.0,0.5,0.007641057543952006,1,0.18203051695396252
TATASTEEL.NS,2026-02-18 05:45:00+00:00,train_oos,-0.0001910994187982462,0,neutral,0.004096314696940102,-0.0009752902247034567,-0.4646735308350381,0.5660278774286669,0.10135434659362878,0.33261777597770426,0.5660278774286669,0.0065926293938802045,-0.010877838499902337,-0.013580816551393222,Sideways,0.0,0.396745,0.25506,False,False,full_risk,0.0,0.0,0,missing,True,True,0.0,0.0,0.0065926293938802045,0.0,0.0,0.5,0.10987715656467008,1,0.21904920312756782
USDINR=X,2026-02-18 06:00:00+00:00,train_oos,2.752136756445367e-05,0,neutral,0.0010363454489930185,0.0002500302825760144,0.548962592474411,0.623771785432771,0.623771785432771,0.30141902160886924,0.07480919295835992,0.00047269089798603677,-0.0007799399816769606,-0.0009737432498512357,Sideways,0.0,0.37240000000000006,0.33946000000000004,False,False,full_risk,0.0,0.0,0,missing,True,True,0.0,0.0,0.00047269089798603677,0.0,0.0,0.5,0.007878181633100613,1,0.25878344783760215
TATASTEEL.NS,2026-02-18 06:45:00+00:00,train_oos,0.0013381703878134754,0,neutral,0.004058650155576964,7.774819615470163e-05,-0.3787349617291691,0.501904888658011,0.1231699269288419,0.37492518441314715,0.501904888658011,0.006517300311153928,-0.01075354551340398,-0.013425638640977093,Sideways,0.0,0.39994,0.24903999999999998,False,False,full_risk,0.0,0.0,0,missing,True,True,0.0,0.0,0.006517300311153928,0.0,0.0,0.5,0.10862167185256548,1,0.1785373731407487
USDINR=X,2026-02-18 07:00:00+00:00,train_oos,5.5209542094036834e-05,0,neutral,0.0010279658869007061,0.00035010639176243877,0.5468140513089487,0.6342820058839083,0.6342820058839083,0.27825003954113214,0.08746795457495962,0.0004559317738014122,-0.0007522874267723301,-0.0009392194540309091,Sideways,0.0,0.42217000000000005,0.25204000000000004,False,False,full_risk,0.0,0.0,0,missing,True,True,0.0,0.0,0.0004559317738014122,0.0,0.0,0.5,0.0075988628966902035,1,0.25777061581909755
TATASTEEL.NS,2026-02-18 07:45:00+00:00,train_oos,-0.0022910031335429126,0,neutral,0.003904798708362456,0.0006068313360782246,-0.2781032946770756,0.43514758455354413,0.1570442898764685,0.40780812556998747,0.43514758455354413,0.006209597416724912,-0.010245835737596104,-0.012791770678453319,Sideways,0.0,0.396115,0.25464000000000003,False,False,full_risk,0.0,0.0,0,missing,True,True,0.0,0.0,0.006209597416724912,0.0,0.0,0.5,0.10349329027874854,1,0.1310991503576539
USDINR=X,2026-02-18 08:00:00+00:00,train_oos,0.0002481767550364111,0,neutral,0.0010200644506340362,0.0001783098512166038,0.43692102541993155,0.5587426858922717,0.5587426858922717,0.31943565363538806,0.12182166047234015,0.00044012890126807224,-0.0007262126870923192,-0.0009066655366122288,Sideways,0.0,0.42230500000000004,0.25192000000000003,False,False,full_risk,0.0,0.0,0,missing,True,True,0.0,0.0,0.00044012890126807224,0.0,0.0,0.5,0.0073354816878012045,1,0.205966546611609
TATASTEEL.NS,2026-02-18 08:45:00+00:00,train_oos,-0.0006697253833949368,0,neutral,0.003923285317725281,0.00014973366678641773,-0.5298170089576478,0.5977849033252863,0.06796789436763852,0.3342472023070751,0.5977849033252863,0.006246570635450562,-0.010306841548493427,-0.012867935509028157,Sideways,0.0,0.391975,0.25482000000000005,False,False,full_risk,0.0,0.0,0,missing,True,True,0.0,0.0,0.006246570635450562,0.0,0.0,0.5,0.1041095105908427,1,0.2497581332146177
USDINR=X,2026-02-18 09:00:00+00:00,train_oos,-0.00014336665458203335,0,neutral,0.001021627258429818,0.00017793987106060424,0.3712304733079356,0.5225851729949195,0.5225851729949195,0.3260601273180967,0.15135469968698384,0.00044325451685963584,-0.0007313699528183991,-0.0009131043047308499,Sideways,0.0,0.40727500000000005,0.25166,False,False,full_risk,0.0,0.0,0,missing,True,True,0.0,0.0,0.00044325451685963584,0.0,0.0,0.5,0.007387575280993931,1,0.17499972337275527
TATASTEEL.NS,2026-02-18 09:45:00+00:00,train_oos,-0.005265633685330062,-1,down,0.003891064415337543,0.0007114382445307201,-0.46119557503981085,0.558393422529148,0.09719784748933717,0.3444087299815147,0.558393422529148,0.006182128830675086,-0.010200512570613891,-0.012735185391190678,Sideways,0.0,0.396295,0.25466,False,False,full_risk,0.0,0.0,0,missing,True,True,0.0,0.0,0.006182128830675086,0.0,0.0,0.5,0.10303548051125144,1,0.21740967904258635
USDINR=X,2026-02-18 10:00:00+00:00,train_oos,0.004069874338443524,1,up,0.0010118717410242182,0.00023146147451741118,0.5069673621555247,0.6073856415938487,0.6073856415938487,0.29219607896782734,0.10041827943832393,0.00042374348204843624,-0.0006991767453799197,-0.0008729115730197786,Sideways,0.0,0.411235,0.25070000000000003,False,False,full_risk,0.0,0.0,0,missing,True,True,0.0,0.0,0.00042374348204843624,0.0,0.0,0.5,0.007062391367473938,1,0.23898670641361852
TATASTEEL.NS,2026-02-19 03:45:00+00:00,test,0.0015399040458627944,0,neutral,0.0039353910185872575,0.0019187872349957138,-0.3769733871343544,0.5015795114606967,0.12460612432634227,0.37381436421296105,0.5015795114606967,0.006270782037174515,-0.010346790361337949,-0.012917810996579501,Sideways,0.0,0.37888,0.2771,False,False,full_risk,0.0,0.0,0,missing,True,True,0.0,0.0,0.006270782037174515,0.0,0.0,0.5,0.10451303395290859,1,0.17770695891304242
USDINR=X,2026-02-19 04:00:00+00:00,test,0.000296590649005557,0,neutral,0.0013038676920721088,-0.0010274097320150265,-0.6238008658091306,0.6282854023216079,0.004484536512477276,0.3672300611659148,0.6282854023216079,0.0010077353841442176,-0.0016627633838379589,-0.002075934891337088,Alien,-1.0,0.26631360000000004,0.34622,True,True,neutral_cash,0.0,0.0,0,missing,True,True,0.0,0.0,0.0010077353841442176,0.0,0.0,0.5,0.5167955897357369,1,0.41239858130348994
TATASTEEL.NS,2026-02-19 04:45:00+00:00,test,-0.0017777970683651168,0,neutral,0.003934038722178764,-0.0024124752348945386,-0.45857979843642305,0.5361798657106367,0.07760006727421365,0.38622006701514966,0.5361798657106367,0.006268077444357528,-0.010342327783189921,-0.012912239535376508,Sideways,0.0,0.39517,0.25414000000000003,False,False,full_risk,0.0,0.0,0,missing,True,True,0.0,0.0,0.006268077444357528,0.0,0.0,0.5,0.1044679574059588,1,0.2161765901263699
USDINR=X,2026-02-19 05:00:00+00:00,test,-0.0006479660785485564,0,neutral,0.0013028373371213437,-0.0008539947722233859,-0.2530952120369063,0.7342148322029322,0.006344977880080832,0.7342148322029322,0.25944018991698714,0.001005674674242687,-0.0016593632125004336,-0.0020716898289399356,Sideways,0.0,0.39823000000000003,0.25394,False,False,full_risk,0.0,0.0,0,missing,True,True,0.0,0.0,0.001005674674242687,0.0,0.0,0.5,0.016761244570711452,1,0.11931022714476239
TATASTEEL.NS,2026-02-19 05:45:00+00:00,test,-0.0020216518360784974,0,neutral,0.0038636338056289667,-0.0017415504369706458,-0.3784587576904408,0.48332744620264123,0.10486868851220045,0.4118038652851583,0.48332744620264123,0.006127267611257934,-0.01010999155857559,-0.012622171279191343,Sideways,0.0,0.39031,0.25352,False,False,full_risk,0.0,0.0,0,missing,True,True,0.0,0.0,0.006127267611257934,0.0,0.0,0.5,0.1021211268542989,1,0.17840716930823142
USDINR=X,2026-02-19 06:00:00+00:00,test,0.00032964243353239553,0,neutral,0.001311689967955161,-0.0008568264794075127,-0.21638528295282897,0.7652519708496264,0.009181373098772372,0.7652519708496264,0.22556665605160134,0.0010233799359103215,-0.0016885768942520303,-0.0021081626679752626,Sideways,0.0,0.369745,0.29288,False,False,full_risk,0.0,0.0,0,missing,True,True,0.0,0.0,0.0010233799359103215,0.0,0.0,0.5,0.017056332265172027,1,0.10200500061661014
TATASTEEL.NS,2026-02-19 06:45:00+00:00,test,-0.0019293356086467206,0,neutral,0.0038780392156211162,-0.0014691580278363963,-0.30268086738293815,0.43997511432359415,0.12867200914673382,0.43997511432359415,0.43135287652967197,0.006156078431242233,-0.010157529411549683,-0.012681521568359,Sideways,0.0,0.39026500000000003,0.25312,False,False,full_risk,0.0,0.0,0,missing,True,True,0.0,0.0,0.006156078431242233,0.0,0.0,0.5,0.10260130718737055,1,0.14268512924126775
USDINR=X,2026-02-19 07:00:00+00:00,test,-0.0002855345051729907,0,neutral,0.001301972609081389,-0.0006877287393568996,-0.5238952738862682,0.543990687897396,0.020095414011127757,0.4359138980914763,0.543990687897396,0.001003945218162778,-0.0016565096099685837,-0.002068127149415323,Sideways,0.0,0.39607000000000003,0.25292,False,False,full_risk,0.0,0.0,0,missing,True,True,0.0,0.0,0.001003945218162778,0.0,0.0,0.5,0.016732420302712967,1,0.24696660053104255
TATASTEEL.NS,2026-02-19 07:45:00+00:00,test,-0.007248828362692694,-1,down,0.003859643643384841,-0.0021175340734568594,-0.22299626164501324,0.5009423594492101,0.13803068945288832,0.5009423594492101,0.36102695109790156,0.006119287286769682,-0.010096824023169975,-0.012605731810745546,Sideways,0.0,0.391165,0.25272,False,False,full_risk,0.0,0.0,0,missing,True,True,0.0,0.0,0.006119287286769682,0.0,0.0,0.5,0.10198812144616137,1,0.105121445858959
USDINR=X,2026-02-19 08:00:00+00:00,test,0.0015383195397347116,1,up,0.001304423247656596,-0.0007360072226536232,-0.4847551276339558,0.5043256676148882,0.019570539980932375,0.47610379240417955,0.5043256676148882,0.0010088464953131918,-0.0016645967172667663,-0.0020782237803451753,Sideways,0.0,0.38167,0.26964000000000005,False,False,full_risk,0.0,0.0,0,missing,True,True,0.0,0.0,0.0010088464953131918,0.0,0.0,0.5,0.016814108255219864,1,0.22851575864328033
TATASTEEL.NS,2026-02-19 08:45:00+00:00,test,-0.0011195820266715062,0,neutral,0.003960520296480715,-0.0014026020638714894,-0.3340163528328338,0.4536513343873998,0.11963498155456596,0.42671368405803417,0.4536513343873998,0.00632104059296143,-0.010429716978386358,-0.013021343621500547,Sideways,0.0,0.365785,0.32620000000000005,False,False,full_risk,0.0,0.0,0,missing,True,True,0.0,0.0,0.00632104059296143,0.0,0.0,0.5,0.10535067654935718,1,0.15745681874353018
USDINR=X,2026-02-19 09:00:00+00:00,test,-0.00015359567474582114,0,neutral,0.0013261753828814134,-0.0007231503577679003,-0.6618808075036902,0.68161521627233,0.019734408768639904,0.29865037495903013,0.68161521627233,0.0010523507657628267,-0.001736378763508664,-0.0021678425774714232,Sideways,0.0,0.36421000000000003,0.33420000000000005,False,False,full_risk,0.0,0.0,0,missing,True,True,0.0,0.0,0.0010523507657628267,0.0,0.0,0.5,0.017539179429380446,1,0.31201360488205815
TATASTEEL.NS,2026-02-19 09:45:00+00:00,test,0.002875225860941022,0,neutral,0.0036331529958318126,-0.0011627629487001934,-0.03514935057692009,0.3931935637730428,0.28582854282501857,0.3931935637730428,0.32097789340193866,0.005666305991663625,-0.00934940488624498,-0.011672590342827069,Sideways,0.0,0.39539500000000005,0.25236000000000003,False,False,full_risk,0.0,0.0,0,missing,True,True,0.0,0.0,0.005666305991663625,0.0,0.0,0.5,0.09443843319439375,1,0.016569562764828988
USDINR=X,2026-02-19 10:00:00+00:00,test,-0.0018544817815080439,-1,down,0.0013201492015251619,-0.0008025672102741259,-0.7912541197363299,0.8088312518982904,0.017577132161960534,0.17359161593974912,0.8088312518982904,0.0010402984030503236,-0.001716492365033034,-0.002143014710283667,Sideways,0.0,0.38414500000000007,0.2698,False,False,full_risk,0.0,0.0,0,missing,True,True,0.0,0.0,0.0010402984030503236,0.0,0.0,0.5,0.017338306717505393,1,0.3730007691382342
TATASTEEL.NS,2026-02-20 03:45:00+00:00,test,0.0065601153970522574,1,up,0.0036225995295264893,0.002980830401270717,0.226577014352276,0.45753731912981094,0.45753731912981094,0.3115023760926542,0.23096030477753493,0.005645199059052979,-0.009314578447437414,-0.011629110061649137,Sideways,0.0,0.39179500000000006,0.25256,False,False,full_risk,0.0,0.0,0,missing,True,True,0.0,0.0,0.005645199059052979,0.0,0.0,0.5,0.09408665098421631,1,0.10680942887299738
USDINR=X,2026-02-20 04:00:00+00:00,test,-0.0002747638926025031,0,neutral,0.0013681612559096356,-0.000406235773276278,-0.5108238778841383,0.5886956812629585,0.0778718033788202,0.3334325153582213,0.5886956812629585,0.0011363225118192711,-0.0018749321445017972,-0.0023408243743476987,Sideways,0.0,0.36331,0.31964000000000004,False,False,full_risk,0.0,0.0,0,missing,True,True,0.0,0.0,0.0011363225118192711,0.0,0.0,0.5,0.018938708530321185,1,0.2408046853625887
TATASTEEL.NS,2026-02-20 04:45:00+00:00,test,0.006565610767398367,1,up,0.0036864559626279348,0.0019881770916150565,-0.13859491777997118,0.4104384215275549,0.2718435037475837,0.31771807472486147,0.4104384215275549,0.00577291192525587,-0.009525304676672184,-0.011892198566027091,Sideways,0.0,0.376045,0.28015999999999996,False,False,full_risk,0.0,0.0,0,missing,True,True,0.0,0.0,0.00577291192525587,0.0,0.0,0.5,0.0962151987542645,1,0.06533427080013976
USDINR=X,2026-02-20 05:00:00+00:00,test,0.00021988830580133012,0,neutral,0.0013684877151613779,-0.0004858784094577622,-0.3945626979045793,0.5013464248950994,0.05204543860016067,0.5013464248950994,0.44660813650474,0.0011369754303227554,-0.0018760094600325464,-0.0023421693864648764,Sideways,0.0,0.383965,0.2692,False,False,full_risk,0.0,0.0,0,missing,True,True,0.0,0.0,0.0011369754303227554,0.0,0.0,0.5,0.018949590505379258,1,0.18599863952772483
TATASTEEL.NS,2026-02-20 05:45:00+00:00,test,0.0009592179771806819,0,neutral,0.0037475616172533213,0.0010203301558049393,-0.14016452565903498,0.4040143401444679,0.26384981448543293,0.33213584537009927,0.4040143401444679,0.005895123234506643,-0.00972695333693596,-0.012143953863083685,Sideways,0.0,0.37546,0.2818,False,False,full_risk,0.0,0.0,0,missing,True,True,0.0,0.0,0.005895123234506643,0.0,0.0,0.5,0.09825205390844405,1,0.06607419105019965
USDINR=X,2026-02-20 06:00:00+00:00,test,-7.691463121783926e-05,0,neutral,0.001367983884397694,-0.00045259336754330584,-0.36188080812638124,0.5311146864134162,0.053502252730101285,0.5311146864134162,0.4153830608564825,0.0011359677687953881,-0.0018743468185123903,-0.0023400936037185,Sideways,0.0,0.398905,0.25207999999999997,False,False,full_risk,0.0,0.0,0,missing,True,True,0.0,0.0,0.0011359677687953881,0.0,0.0,0.5,0.0189327961465898,1,0.17059224893828803
TATASTEEL.NS,2026-02-20 06:45:00+00:00,test,0.0008145576014908507,0,neutral,0.00368022362903276,0.0008802821750601328,-0.2906070182699856,0.4908627867355867,0.20025576846560111,0.3088814447988123,0.4908627867355867,0.0057604472580655205,-0.009504737975808109,-0.011866521351614973,Sideways,0.0,0.396745,0.25344000000000005,False,False,full_risk,0.0,0.0,0,missing,True,True,0.0,0.0,0.0057604472580655205,0.0,0.0,0.5,0.09600745430109202,1,0.13699346218607314
USDINR=X,2026-02-20 07:00:00+00:00,test,0.0003242909888374612,0,neutral,0.0013636172568287398,-0.0004461305010156463,-0.19122791112454332,0.46479331954519165,0.1719893846651325,0.46479331954519165,0.3632172957896758,0.0011272345136574798,-0.0018599369475348416,-0.0023221030981344084,Sideways,0.0,0.39328,0.25244,False,False,full_risk,0.0,0.0,0,missing,True,True,0.0,0.0,0.0011272345136574798,0.0,0.0,0.5,0.01878724189429133,1,0.09014570180553536
TATASTEEL.NS,2026-02-20 07:45:00+00:00,test,-0.0013405409385861544,0,neutral,0.003681091696578457,0.0014988785212686551,-0.19726722878921715,0.43141499269257766,0.2341477639033605,0.3344372434040618,0.43141499269257766,0.005762183393156914,-0.009507602598708908,-0.011870097789903243,Sideways,0.0,0.39805,0.25012,False,False,full_risk,0.0,0.0,0,missing,True,True,0.0,0.0,0.005762183393156914,0.0,0.0,0.5,0.09603638988594856,1,0.09299266345515571
USDINR=X,2026-02-20 08:00:00+00:00,test,-0.0001593256934148135,0,neutral,0.0013524458777067591,-0.0004182726071381306,-0.20710350830274454,0.5056444663783497,0.1436260126594529,0.5056444663783497,0.35072952096219745,0.0011048917554135184,-0.0018230713964323053,-0.002276077016151848,Sideways,0.0,0.397015,0.25176000000000004,False,False,full_risk,0.0,0.0,0,missing,True,True,0.0,0.0,0.0011048917554135184,0.0,0.0,0.5,0.018414862590225307,1,0.09762953008559674
TATASTEEL.NS,2026-02-20 08:45:00+00:00,test,-0.0013902550037110384,0,neutral,0.0036951314418416864,0.0006010780700173304,-0.45075684436896923,0.5723835662745574,0.12162672190558818,0.3059897118198544,0.5723835662745574,0.005790262883683373,-0.009553933758077565,-0.01192794154038775,Sideways,0.0,0.39238,0.25184,False,False,full_risk,0.0,0.0,0,missing,True,True,0.0,0.0,0.005790262883683373,0.0,0.0,0.5,0.0965043813947229,1,0.2124888142130316
USDINR=X,2026-02-20 09:00:00+00:00,test,-0.0003297728710317527,0,neutral,0.0013536157263867733,-0.00037027370265610253,-0.1646966928611193,0.4845396803282204,0.17538181340533018,0.4845396803282204,0.3400785062664495,0.0011072314527735465,-0.0018269318970763515,-0.0022808967927135057,Sideways,0.0,0.388015,0.26428,False,False,full_risk,0.0,0.0,0,missing,True,True,0.0,0.0,0.0011072314527735465,0.0,0.0,0.5,0.018453857546225777,1,0.07763876557406367
TATASTEEL.NS,2026-02-20 09:45:00+00:00,test,0.0003840702346740166,0,neutral,0.0028085876549399148,0.0014861814454995878,-0.30209523085283363,0.5644595295581223,0.26236429870528866,0.17317617173658906,0.5644595295581223,0.00401717530987983,-0.0066283392613017186,-0.00827538113835245,Sideways,0.0,0.392515,0.25152,False,False,full_risk,0.0,0.0,0,missing,True,True,0.0,0.0,0.00401717530987983,0.0,0.0,0.5,0.0669529218313305,1,0.1424090575334361
USDINR=X,2026-02-20 10:00:00+00:00,test,-0.002837133264638747,-1,down,0.0013561020868581985,-0.00039728047496067834,-0.3158208459234803,0.45611661630560413,0.14029577038212382,0.403587613312272,0.45611661630560413,0.0011122041737163968,-0.0018351368866320547,-0.0022911405978557776,Sideways,0.0,0.38293,0.26792000000000005,False,False,full_risk,0.0,0.0,0,missing,True,True,0.0,0.0,0.0011122041737163968,0.0,0.0,0.5,0.018536736228606614,1,0.1488793745283765
TATASTEEL.NS,2026-02-23 03:45:00+00:00,test,-0.0021595747983801372,0,neutral,0.0024320895699927797,0.0029180627911192716,-0.12226706836076501,0.4745516834638826,0.3522846151031176,0.17316370143299992,0.4745516834638826,0.0032641791399855595,-0.0053858955809761725,-0.006724209028370252,Sideways,0.0,0.39733,0.25134,False,False,full_risk,0.0,0.0,0,missing,True,True,0.0,0.0,0.0032641791399855595,0.0,0.0,0.5,0.05440298566642599,1,0.05763724876913074
USDINR=X,2026-02-23 04:00:00+00:00,test,0.0004411216959938624,0,neutral,0.001447841607114287,0.000260454194579762,0.20763001233691397,0.7508437402912781,0.22839313602281797,0.7508437402912781,0.020763123685903995,0.001295683214228574,-0.002137877303477147,-0.0026691074213108625,Sideways,0.0,0.3258855,0.32386000000000004,True,False,reduced_risk,0.0,0.0,0,missing,True,True,0.0,0.0,0.001295683214228574,0.0,0.0,0.5,0.27159472023714293,1,0.09787772646751892
TATASTEEL.NS,2026-02-23 04:45:00+00:00,test,-0.003991663547835533,-1,down,0.0024419578656496334,-0.0043026614854339545,-0.0171578965842122,0.9733720937075834,0.004735004854102246,0.9733720937075834,0.021892901438314443,0.0032839157312992665,-0.005418460956643789,-0.006764866406476489,Sideways,0.0,0.38954500000000003,0.25106,False,False,full_risk,0.0,0.0,0,missing,True,True,0.0,0.0,0.0032839157312992665,0.0,0.0,0.5,0.054731928854987774,1,0.00808831001706263
USDINR=X,2026-02-23 05:00:00+00:00,test,0.0004409271934424641,0,neutral,0.0014464367392628607,0.0004711759633908157,0.0017124901844052009,0.99400724553206,0.003852622326172628,0.99400724553206,0.002140132141767427,0.0012928734785257212,-0.00213324123956744,-0.002663319365762986,Sideways,0.0,0.394405,0.24994,False,False,full_risk,0.0,0.0,0,missing,True,True,0.0,0.0,0.0012928734785257212,0.0,0.0,0.5,0.02154789130876202,1,0.0008072756147388793
TATASTEEL.NS,2026-02-23 05:45:00+00:00,test,-0.00193147823990647,0,neutral,0.0024922903136785405,-0.0035626515034150675,-0.7771580900208519,0.781886822933288,0.004728732912436091,0.2133844441542759,0.781886822933288,0.0033845806273570807,-0.005584558035139183,-0.006972236092355586,Sideways,0.0,0.374065,0.29406,False,False,full_risk,0.0,0.0,0,missing,True,True,0.0,0.0,0.0033845806273570807,0.0,0.0,0.5,0.05640967712261801,1,0.3663558370051532
USDINR=X,2026-02-23 06:00:00+00:00,test,0.0,0,neutral,0.0014479873865302314,0.0003547526717227746,0.0049842709631260545,0.9889657623000039,0.008009254331561104,0.9889657623000039,0.003024983368435049,0.0012959747730604625,-0.002138358375549763,-0.0026697080325045527,Sideways,0.0,0.393955,0.24974,False,False,full_risk,0.0,0.0,0,missing,True,True,0.0,0.0,0.0012959747730604625,0.0,0.0,0.5,0.02159957955100771,1,0.0023496078648650915
TATASTEEL.NS,2026-02-23 06:45:00+00:00,test,0.004499312763914576,1,up,0.0024848117913145898,-0.00385561327427168,-0.6123240195415356,0.6213000758333975,0.008976056291861908,0.3697238678747406,0.6213000758333975,0.0033696235826291797,-0.005559878911338146,-0.00694142458021611,Sideways,0.0,0.387925,0.25054000000000004,False,False,full_risk,0.0,0.0,0,missing,True,True,0.0,0.0,0.0033696235826291797,0.0,0.0,0.5,0.056160393043819666,1,0.2886523110008159
USDINR=X,2026-02-23 07:00:00+00:00,test,0.0009365258095197504,0,neutral,0.001448022222172557,0.00028806675448650286,0.029962887045307265,0.9620056406440949,0.03397862320060625,0.9620056406440949,0.004015736155298986,0.0012960444443451138,-0.0021384733331694375,-0.0026698515553509345,Sideways,0.0,0.402685,0.24822000000000002,False,False,full_risk,0.0,0.0,0,missing,True,True,0.0,0.0,0.0012960444443451138,0.0,0.0,0.5,0.02160074073908523,1,0.014124640409108881
TATASTEEL.NS,2026-02-23 07:45:00+00:00,test,0.0022154382519894433,0,neutral,0.002567944373491361,-0.002188762785483758,0.2590764092355805,0.49330505095707494,0.49330505095707494,0.2724663073214307,0.23422864172149443,0.003535888746982722,-0.0058342164325214906,-0.0072839308187844076,Sideways,0.0,0.383425,0.25152,False,False,full_risk,0.0,0.0,0,missing,True,True,0.0,0.0,0.003535888746982722,0.0,0.0,0.5,0.0589314791163787,1,0.12212979054396003
USDINR=X,2026-02-23 08:00:00+00:00,test,0.0003852279403884218,0,neutral,0.001455220004167706,0.00033320604623150875,0.0026776550823412563,0.9809771622825851,0.010850246399877979,0.9809771622825851,0.008172591317536722,0.001310440008335412,-0.0021622260137534296,-0.0026995064171709488,Sideways,0.0,0.38068,0.27656000000000003,False,False,full_risk,0.0,0.0,0,missing,True,True,0.0,0.0,0.001310440008335412,0.0,0.0,0.5,0.0218406668055902,1,0.0012622587109347503
TATASTEEL.NS,2026-02-23 08:45:00+00:00,test,4.810306021996169e-05,0,neutral,0.0025899910806654394,-0.00321919276689236,0.0322108147131821,0.4499723015365406,0.2911192565883207,0.4499723015365406,0.2589084418751386,0.003579982161330879,-0.00590697056619595,-0.007374763252341611,Sideways,0.0,0.39328,0.25168,False,False,full_risk,0.0,0.0,0,missing,True,True,0.0,0.0,0.003579982161330879,0.0,0.0,0.5,0.05966636935551465,1,0.01518432367415632
USDINR=X,2026-02-23 09:00:00+00:00,test,-0.00017604358291756217,0,neutral,0.001455389817445122,0.0004216861737006923,0.006764025139226444,0.9788997278091387,0.013932148665043807,0.9788997278091387,0.007168123525817363,0.0013107796348902439,-0.002162786397568902,-0.0027002060478739025,Sideways,0.0,0.396115,0.24976,False,False,full_risk,0.0,0.0,0,missing,True,True,0.0,0.0,0.0013107796348902439,0.0,0.0,0.5,0.021846327248170733,1,0.0031885920293755333
TATASTEEL.NS,2026-02-23 09:45:00+00:00,test,-0.00028838450563506424,0,neutral,0.002487306709623531,-0.00276661020394315,0.004520359401177565,0.48607992281173384,0.2592202182947218,0.48607992281173384,0.25469985889354424,0.003374613419247062,-0.005568112141757652,-0.0069517036436489476,Sideways,0.0,0.39584500000000006,0.25084,False,False,full_risk,0.0,0.0,0,missing,True,True,0.0,0.0,0.003374613419247062,0.0,0.0,0.5,0.05624355698745103,1,0.0021309178573153446
USDINR=X,2026-02-23 10:00:00+00:00,test,0.0010289909272471753,0,neutral,0.0012618857469624677,0.00039891053312870843,0.02010104972839094,0.9674668986840262,0.02631707552218232,0.9674668986840262,0.006216025793791381,0.0009237714939249353,-0.0015242229649761433,-0.001902969277485367,Sideways,0.0,0.39139,0.25668,False,False,full_risk,0.0,0.0,0,missing,True,True,0.0,0.0,0.0009237714939249353,0.0,0.0,0.5,0.01539619156541559,1,0.009475725714608828
TATASTEEL.NS,2026-02-24 03:45:00+00:00,test,0.0005287474230988298,0,neutral,0.0024788175973785393,-0.0013373746752631207,0.1516558632477587,0.5239979094899281,0.3138289768789153,0.5239979094899281,0.1621731136311566,0.003357635194757079,-0.005540098071349179,-0.006916728501199582,Sideways,0.0,0.3949,0.25070000000000003,False,False,full_risk,0.0,0.0,0,missing,True,True,0.0,0.0,0.003357635194757079,0.0,0.0,0.5,0.05596058657928465,1,0.07149125953945992
USDINR=X,2026-02-24 04:00:00+00:00,test,8.245274002693925e-05,0,neutral,0.0012770477781031422,0.00010218908929442172,-0.00731433116320287,0.9726161141304741,0.010034777353161497,0.9726161141304741,0.017349108516364366,0.0009540955562062843,-0.001574257667740369,-0.0019654368457849456,Sideways,0.0,0.379465,0.28037999999999996,False,False,full_risk,0.0,0.0,0,missing,True,True,0.0,0.0,0.0009540955562062843,0.0,0.0,0.5,0.015901592603438073,1,0.0034480087768965586
TATASTEEL.NS,2026-02-24 04:45:00+00:00,test,-0.0007686207447110682,0,neutral,0.0024666921413319825,-0.00045993226702735143,0.026967684444007933,0.4799233662488922,0.27352215909755784,0.4799233662488922,0.2465544746535499,0.0033333842826639647,-0.0055000840663955415,-0.006866771622287767,Sideways,0.0,0.3985,0.24794,False,False,full_risk,0.0,0.0,0,missing,True,True,0.0,0.0,0.0033333842826639647,0.0,0.0,0.5,0.05555640471106608,1,0.012712688362171319
USDINR=X,2026-02-24 05:00:00+00:00,test,-0.00010987200833623145,0,neutral,0.0012721169136314236,9.973063120803776e-05,-0.0039050838272122815,0.9730462370203733,0.011524339576207276,0.9730462370203733,0.015429423403419558,0.0009442338272628471,-0.0015579858149836977,-0.001945121684161465,Sideways,0.0,0.40111,0.24694,False,False,full_risk,0.0,0.0,0,missing,True,True,0.0,0.0,0.0009442338272628471,0.0,0.0,0.5,0.015737230454380788,1,0.0018408741702158134
TATASTEEL.NS,2026-02-24 05:45:00+00:00,test,0.00024033747607354883,0,neutral,0.0024515085169584737,0.0014502487711956793,0.036709520013827934,0.3801746125648088,0.32826745372450955,0.3801746125648088,0.2915579337106816,0.003303017033916947,-0.005449978105962963,-0.006804215089868911,Sideways,0.0,0.394135,0.25029999999999997,False,False,full_risk,0.0,0.0,0,missing,True,True,0.0,0.0,0.003303017033916947,0.0,0.0,0.5,0.055050283898615784,1,0.01730503369058734
USDINR=X,2026-02-24 06:00:00+00:00,test,-5.502592173867171e-05,0,neutral,0.0012703757529792673,7.99071065609359e-05,-0.002660295807240894,0.9709631971677971,0.013188253512480987,0.9709631971677971,0.01584854931972188,0.0009407515059585345,-0.001552239984831582,-0.001937948102274581,Sideways,0.0,0.392425,0.25402,False,False,full_risk,0.0,0.0,0,missing,True,True,0.0,0.0,0.0009407515059585345,0.0,0.0,0.5,0.015679191765975577,1,0.0012540754701747846
TATASTEEL.NS,2026-02-24 06:45:00+00:00,test,0.0014420450944025998,0,neutral,0.002433032556113011,0.001472301320145932,-0.0681848820924616,0.37198516924203623,0.2799149743327511,0.37198516924203623,0.3480998564252127,0.0032660651122260217,-0.005389007435172935,-0.006728094131185605,Sideways,0.0,0.39535,0.25120000000000003,False,False,full_risk,0.0,0.0,0,missing,True,True,0.0,0.0,0.0032660651122260217,0.0,0.0,0.5,0.05443441853710036,1,0.032142661667989854
USDINR=X,2026-02-24 07:00:00+00:00,test,0.00016491907808391382,0,neutral,0.0012695170022074794,9.537604119591017e-05,-0.006458058418306514,0.9459240774095745,0.023808932086059574,0.9459240774095745,0.030266990504366088,0.0009390340044149586,-0.0015494061072846815,-0.0019344100490948147,Sideways,0.0,0.3958,0.24684,False,False,full_risk,0.0,0.0,0,missing,True,True,0.0,0.0,0.0009390340044149586,0.0,0.0,0.5,0.01565056674024931,1,0.0030443579339222704
TATASTEEL.NS,2026-02-24 07:45:00+00:00,test,0.004079898811830018,1,up,0.0021750395423666582,0.0012853344810733623,-0.11781128342359007,0.3882362127406703,0.2469762519178698,0.3882362127406703,0.36478753534145986,0.002750079084733316,-0.004537630489809971,-0.005665162914550631,Sideways,0.0,0.38896000000000003,0.2508,False,False,full_risk,0.0,0.0,0,missing,True,True,0.0,0.0,0.002750079084733316,0.0,0.0,0.5,0.04583465141222194,1,0.05553677160607389
USDINR=X,2026-02-24 08:00:00+00:00,test,-0.00016489188426638268,0,neutral,0.0012327689312591275,0.00019823258989627986,-0.006697306485043422,0.9517703378182806,0.020766177848337973,0.9517703378182806,0.027463484333381395,0.0008655378625182549,-0.0014281374731551207,-0.0017830079967876052,Sideways,0.0,0.40088500000000005,0.24967999999999999,False,False,full_risk,0.0,0.0,0,missing,True,True,0.0,0.0,0.0008655378625182549,0.0,0.0,0.5,0.014425631041970916,1,0.0031571405541725634
TATASTEEL.NS,2026-02-24 08:45:00+00:00,test,0.0,0,neutral,0.002206669659553979,-0.0012130985098626904,-0.23326976571747685,0.4650607133966816,0.1508347604429208,0.4650607133966816,0.38410452616039764,0.0028133393191079573,-0.0046420098765281295,-0.005795478997362392,Sideways,0.0,0.36340000000000006,0.32670000000000005,False,False,full_risk,0.0,0.0,0,missing,True,True,0.0,0.0,0.0028133393191079573,0.0,0.0,0.5,0.04688898865179929,1,0.10996442212308341
USDINR=X,2026-02-24 09:00:00+00:00,test,-0.0005606913112475853,0,neutral,0.0012327891366657724,0.00013409003082671123,-0.0038552037442465097,0.9545350808254548,0.020804857715149293,0.9545350808254548,0.024660061459395803,0.0008655782733315449,-0.001428204150997049,-0.0017830912430629826,Sideways,0.0,0.38927500000000004,0.26126,False,False,full_risk,0.0,0.0,0,missing,True,True,0.0,0.0,0.0008655782733315449,0.0,0.0,0.5,0.014426304555525748,1,0.001817360473608317
