symbol,timestamp,split,model,score,confidence,pred_class_int,pred_class,risk_mode,w_technical,w_regime,w_sentiment
TATASTEEL.NS,2026-02-09 07:45:00+00:00,train_oos,weighted_baseline,-0.2845451955226986,0.5353494552761322,-1,down,normal,0.5374280230326296,0.44785668586052463,0.014715291106845812
USDINR=X,2026-02-09 08:00:00+00:00,train_oos,weighted_baseline,0.3141532478800394,0.48608010700768334,1,up,normal,0.5374280230326296,0.44785668586052463,0.014715291106845812
TATASTEEL.NS,2026-02-09 08:45:00+00:00,train_oos,weighted_baseline,-0.20744789160772112,0.4376342814639352,-1,down,normal,0.5374280230326296,0.44785668586052463,0.014715291106845812
USDINR=X,2026-02-09 09:00:00+00:00,train_oos,weighted_baseline,0.2375454195927552,0.47544386723352516,1,up,normal,0.5374280230326296,0.44785668586052463,0.014715291106845812
TATASTEEL.NS,2026-02-09 09:45:00+00:00,train_oos,weighted_baseline,-0.3925028218171441,0.6067692160441255,-1,down,normal,0.5374280230326296,0.44785668586052463,0.014715291106845812
USDINR=X,2026-02-09 10:00:00+00:00,train_oos,weighted_baseline,0.2896905669542925,0.4776338617175768,1,up,normal,0.5374280230326296,0.44785668586052463,0.014715291106845812
TATASTEEL.NS,2026-02-10 03:45:00+00:00,train_oos,weighted_baseline,-0.016448699923080432,0.34011548420701676,-1,down,reduced,0.48805681084570696,0.49709489993544226,0.014848289218850874
USDINR=X,2026-02-10 04:00:00+00:00,train_oos,weighted_baseline,0.34603018320962275,0.5335621893956741,1,up,normal,0.5374280230326296,0.44785668586052463,0.014715291106845812
TATASTEEL.NS,2026-02-10 04:45:00+00:00,train_oos,weighted_baseline,-0.3267822408199604,0.5005780385833055,-1,down,normal,0.5374280230326296,0.44785668586052463,0.014715291106845812
USDINR=X,2026-02-10 05:00:00+00:00,train_oos,weighted_baseline,0.407816434814649,0.587824670863245,1,up,normal,0.5374280230326296,0.44785668586052463,0.014715291106845812
TATASTEEL.NS,2026-02-10 05:45:00+00:00,train_oos,weighted_baseline,-0.3750787182057843,0.5650490921420378,-1,down,normal,0.5374280230326296,0.44785668586052463,0.014715291106845812
USDINR=X,2026-02-10 06:00:00+00:00,train_oos,weighted_baseline,0.40669498168212204,0.5838892815569752,1,up,normal,0.5374280230326296,0.44785668586052463,0.014715291106845812
TATASTEEL.NS,2026-02-10 06:45:00+00:00,train_oos,weighted_baseline,-0.15079813999847186,0.4896931445654258,-1,down,normal,0.5374280230326296,0.44785668586052463,0.014715291106845812
USDINR=X,2026-02-10 07:00:00+00:00,train_oos,weighted_baseline,0.038400640875150986,0.43751321543788607,1,up,normal,0.5374280230326296,0.44785668586052463,0.014715291106845812
TATASTEEL.NS,2026-02-10 07:45:00+00:00,train_oos,weighted_baseline,-0.10410279680549707,0.5111195970470944,-1,down,normal,0.5374280230326296,0.44785668586052463,0.014715291106845812
USDINR=X,2026-02-10 08:00:00+00:00,train_oos,weighted_baseline,0.03131873676245057,0.4563126769538266,1,up,normal,0.5374280230326296,0.44785668586052463,0.014715291106845812
TATASTEEL.NS,2026-02-10 08:45:00+00:00,train_oos,weighted_baseline,-0.1407572251156441,0.5397880050431906,-1,down,normal,0.5374280230326296,0.44785668586052463,0.014715291106845812
USDINR=X,2026-02-10 09:00:00+00:00,train_oos,weighted_baseline,-0.07229463105107091,0.4693576002452028,-1,down,normal,0.5374280230326296,0.44785668586052463,0.014715291106845812
TATASTEEL.NS,2026-02-10 09:45:00+00:00,train_oos,weighted_baseline,-0.19349801551201334,0.46931430766105275,-1,down,normal,0.5374280230326296,0.44785668586052463,0.014715291106845812
USDINR=X,2026-02-10 10:00:00+00:00,train_oos,weighted_baseline,-0.041891257965296344,0.4508462198209858,-1,down,normal,0.5374280230326296,0.44785668586052463,0.014715291106845812
TATASTEEL.NS,2026-02-11 03:45:00+00:00,train_oos,weighted_baseline,-0.004468982292891005,0.6218307672932447,0,neutral,normal,0.5374280230326296,0.44785668586052463,0.014715291106845812
USDINR=X,2026-02-11 04:00:00+00:00,train_oos,weighted_baseline,-0.14139414032493622,0.5059214282045894,-1,down,normal,0.5374280230326296,0.44785668586052463,0.014715291106845812
TATASTEEL.NS,2026-02-11 04:45:00+00:00,train_oos,weighted_baseline,-0.016927280441845,0.6364354118862651,-1,down,normal,0.5374280230326296,0.44785668586052463,0.014715291106845812
USDINR=X,2026-02-11 05:00:00+00:00,train_oos,weighted_baseline,-0.16946962756126982,0.5171218045662246,-1,down,normal,0.5374280230326296,0.44785668586052463,0.014715291106845812
TATASTEEL.NS,2026-02-11 05:45:00+00:00,train_oos,weighted_baseline,0.00016636626162609211,0.6721801718139158,0,neutral,normal,0.5374280230326296,0.44785668586052463,0.014715291106845812
USDINR=X,2026-02-11 06:00:00+00:00,train_oos,weighted_baseline,-0.17970290277599765,0.5295744964366216,-1,down,normal,0.5374280230326296,0.44785668586052463,0.014715291106845812
TATASTEEL.NS,2026-02-11 06:45:00+00:00,train_oos,weighted_baseline,0.004927423054848967,0.6753801471986561,0,neutral,normal,0.5374280230326296,0.44785668586052463,0.014715291106845812
USDINR=X,2026-02-11 07:00:00+00:00,train_oos,weighted_baseline,-0.07599431401324976,0.4382446463510177,-1,down,normal,0.5374280230326296,0.44785668586052463,0.014715291106845812
TATASTEEL.NS,2026-02-11 07:45:00+00:00,train_oos,weighted_baseline,-0.006467499495436753,0.6928593073424983,-1,down,normal,0.5374280230326296,0.44785668586052463,0.014715291106845812
USDINR=X,2026-02-11 08:00:00+00:00,train_oos,weighted_baseline,0.03958898385407741,0.4327382314796162,1,up,normal,0.5374280230326296,0.44785668586052463,0.014715291106845812
TATASTEEL.NS,2026-02-11 08:45:00+00:00,train_oos,weighted_baseline,0.0012345949726014832,0.692958677105675,0,neutral,normal,0.5374280230326296,0.44785668586052463,0.014715291106845812
USDINR=X,2026-02-11 09:00:00+00:00,train_oos,weighted_baseline,0.046723973094691625,0.4324962675518288,1,up,normal,0.5374280230326296,0.44785668586052463,0.014715291106845812
TATASTEEL.NS,2026-02-11 09:45:00+00:00,train_oos,weighted_baseline,0.0061606591792109505,0.6990570662523796,1,up,normal,0.5374280230326296,0.44785668586052463,0.014715291106845812
USDINR=X,2026-02-11 10:00:00+00:00,train_oos,weighted_baseline,0.17141110114515737,0.4882612062712287,1,up,normal,0.5374280230326296,0.44785668586052463,0.014715291106845812
TATASTEEL.NS,2026-02-12 03:45:00+00:00,train_oos,weighted_baseline,0.38508226082958086,0.5626765666214186,1,up,normal,0.5374280230326296,0.44785668586052463,0.014715291106845812
USDINR=X,2026-02-12 04:00:00+00:00,train_oos,weighted_baseline,0.19452315401246476,0.5086150703506738,1,up,normal,0.5374280230326296,0.44785668586052463,0.014715291106845812
TATASTEEL.NS,2026-02-12 04:45:00+00:00,train_oos,weighted_baseline,0.20392958503160852,0.4871014541415677,1,up,normal,0.5374280230326296,0.44785668586052463,0.014715291106845812
USDINR=X,2026-02-12 05:00:00+00:00,train_oos,weighted_baseline,0.02535889370280567,0.42141187444188766,1,up,normal,0.5374280230326296,0.44785668586052463,0.014715291106845812
TATASTEEL.NS,2026-02-12 05:45:00+00:00,train_oos,weighted_baseline,0.21799552105392464,0.4652483323178761,1,up,normal,0.5374280230326296,0.44785668586052463,0.014715291106845812
USDINR=X,2026-02-12 06:00:00+00:00,train_oos,weighted_baseline,0.3077516855198226,0.5579377612767429,1,up,normal,0.5374280230326296,0.44785668586052463,0.014715291106845812
TATASTEEL.NS,2026-02-12 06:45:00+00:00,train_oos,weighted_baseline,0.17834720989116576,0.5162865313388896,1,up,normal,0.5374280230326296,0.44785668586052463,0.014715291106845812
USDINR=X,2026-02-12 07:00:00+00:00,train_oos,weighted_baseline,-0.02372933399361323,0.40473352227215176,-1,down,normal,0.5374280230326296,0.44785668586052463,0.014715291106845812
TATASTEEL.NS,2026-02-12 07:45:00+00:00,train_oos,weighted_baseline,-0.036181734295674485,0.37832934563992193,-1,down,normal,0.5374280230326296,0.44785668586052463,0.014715291106845812
USDINR=X,2026-02-12 08:00:00+00:00,train_oos,weighted_baseline,0.03343415854060864,0.42307132742259446,1,up,normal,0.5374280230326296,0.44785668586052463,0.014715291106845812
TATASTEEL.NS,2026-02-12 08:45:00+00:00,train_oos,weighted_baseline,-0.04709569089566545,0.42855518941214454,-1,down,normal,0.5374280230326296,0.44785668586052463,0.014715291106845812
USDINR=X,2026-02-12 09:00:00+00:00,train_oos,weighted_baseline,0.0932094140816244,0.452462784208145,1,up,normal,0.5374280230326296,0.44785668586052463,0.014715291106845812
TATASTEEL.NS,2026-02-12 09:45:00+00:00,train_oos,weighted_baseline,0.05720165860179525,0.4551751649013771,1,up,normal,0.5374280230326296,0.44785668586052463,0.014715291106845812
USDINR=X,2026-02-12 10:00:00+00:00,train_oos,weighted_baseline,0.10668118235776006,0.4581971784086365,1,up,normal,0.5374280230326296,0.44785668586052463,0.014715291106845812
TATASTEEL.NS,2026-02-13 03:45:00+00:00,train_oos,weighted_baseline,0.05682102011815156,0.43804204268428015,1,up,normal,0.5374280230326296,0.44785668586052463,0.014715291106845812
USDINR=X,2026-02-13 04:00:00+00:00,train_oos,weighted_baseline,-0.11127105018296846,0.4292898874396863,-1,down,normal,0.5374280230326296,0.44785668586052463,0.014715291106845812
TATASTEEL.NS,2026-02-13 04:45:00+00:00,train_oos,weighted_baseline,0.05420308757377919,0.427316091950935,1,up,normal,0.5374280230326296,0.44785668586052463,0.014715291106845812
USDINR=X,2026-02-13 05:00:00+00:00,train_oos,weighted_baseline,-0.1335210088353346,0.4388636619759727,-1,down,normal,0.5374280230326296,0.44785668586052463,0.014715291106845812
TATASTEEL.NS,2026-02-13 05:45:00+00:00,train_oos,weighted_baseline,0.07441551769332166,0.433983522059017,1,up,normal,0.5374280230326296,0.44785668586052463,0.014715291106845812
USDINR=X,2026-02-13 06:00:00+00:00,train_oos,weighted_baseline,-0.10359690190210634,0.43419945422000433,-1,down,normal,0.5374280230326296,0.44785668586052463,0.014715291106845812
TATASTEEL.NS,2026-02-13 06:45:00+00:00,train_oos,weighted_baseline,-0.14700721932662453,0.4404302990834703,-1,down,normal,0.5374280230326296,0.44785668586052463,0.014715291106845812
USDINR=X,2026-02-13 07:00:00+00:00,train_oos,weighted_baseline,-0.02399965808769438,0.4039599161920353,-1,down,normal,0.5374280230326296,0.44785668586052463,0.014715291106845812
TATASTEEL.NS,2026-02-13 07:45:00+00:00,train_oos,weighted_baseline,-0.13831280121935996,0.4338335703417105,-1,down,normal,0.5374280230326296,0.44785668586052463,0.014715291106845812
USDINR=X,2026-02-13 08:00:00+00:00,train_oos,weighted_baseline,0.12387800993115661,0.43717825495294504,1,up,normal,0.5374280230326296,0.44785668586052463,0.014715291106845812
TATASTEEL.NS,2026-02-13 08:45:00+00:00,train_oos,weighted_baseline,-0.3898548941240142,0.5953298040899844,-1,down,normal,0.5374280230326296,0.44785668586052463,0.014715291106845812
USDINR=X,2026-02-13 09:00:00+00:00,train_oos,weighted_baseline,0.1984680848905242,0.47802403784169845,1,up,normal,0.5374280230326296,0.44785668586052463,0.014715291106845812
TATASTEEL.NS,2026-02-13 09:45:00+00:00,train_oos,weighted_baseline,-0.3926805121266368,0.5977709494124439,-1,down,normal,0.5374280230326296,0.44785668586052463,0.014715291106845812
USDINR=X,2026-02-13 10:00:00+00:00,train_oos,weighted_baseline,0.11413336123007421,0.4455346186150897,1,up,normal,0.5374280230326296,0.44785668586052463,0.014715291106845812
TATASTEEL.NS,2026-02-16 03:45:00+00:00,train_oos,weighted_baseline,-0.08549061561343581,0.4019960671777016,-1,down,normal,0.5374280230326296,0.44785668586052463,0.014715291106845812
USDINR=X,2026-02-16 04:00:00+00:00,train_oos,weighted_baseline,-0.06644257585625933,0.40232273537762486,-1,down,normal,0.5374280230326296,0.44785668586052463,0.014715291106845812
TATASTEEL.NS,2026-02-16 04:45:00+00:00,train_oos,weighted_baseline,-0.31768288670004535,0.5612266767180073,-1,down,normal,0.5374280230326296,0.44785668586052463,0.014715291106845812
USDINR=X,2026-02-16 05:00:00+00:00,train_oos,weighted_baseline,-0.03358259556161732,0.393726970370225,-1,down,normal,0.5374280230326296,0.44785668586052463,0.014715291106845812
TATASTEEL.NS,2026-02-16 05:45:00+00:00,train_oos,weighted_baseline,-0.29910937643854535,0.5423077906600985,-1,down,normal,0.5374280230326296,0.44785668586052463,0.014715291106845812
USDINR=X,2026-02-16 06:00:00+00:00,train_oos,weighted_baseline,-0.09972164482192168,0.4314732250158652,-1,down,normal,0.5374280230326296,0.44785668586052463,0.014715291106845812
TATASTEEL.NS,2026-02-16 06:45:00+00:00,train_oos,weighted_baseline,-0.2174421480408193,0.4662283058235863,-1,down,normal,0.5374280230326296,0.44785668586052463,0.014715291106845812
USDINR=X,2026-02-16 07:00:00+00:00,train_oos,weighted_baseline,-0.03129553051482203,0.40249122377188573,-1,down,normal,0.5374280230326296,0.44785668586052463,0.014715291106845812
TATASTEEL.NS,2026-02-16 07:45:00+00:00,train_oos,weighted_baseline,-0.20809629900845694,0.48722306767409285,-1,down,normal,0.5374280230326296,0.44785668586052463,0.014715291106845812
USDINR=X,2026-02-16 08:00:00+00:00,train_oos,weighted_baseline,0.1543455251417273,0.4393221338742398,1,up,normal,0.5374280230326296,0.44785668586052463,0.014715291106845812
TATASTEEL.NS,2026-02-16 08:45:00+00:00,train_oos,weighted_baseline,-0.0812434044257332,0.40719962642396385,-1,down,normal,0.5374280230326296,0.44785668586052463,0.014715291106845812
USDINR=X,2026-02-16 09:00:00+00:00,train_oos,weighted_baseline,0.12484583248435845,0.4418739063765986,1,up,normal,0.5374280230326296,0.44785668586052463,0.014715291106845812
TATASTEEL.NS,2026-02-16 09:45:00+00:00,train_oos,weighted_baseline,-0.03635035202288004,0.403041175684957,-1,down,normal,0.5374280230326296,0.44785668586052463,0.014715291106845812
USDINR=X,2026-02-16 10:00:00+00:00,train_oos,weighted_baseline,0.0348913657973493,0.3865447349903466,1,up,normal,0.5374280230326296,0.44785668586052463,0.014715291106845812
TATASTEEL.NS,2026-02-17 03:45:00+00:00,train_oos,weighted_baseline,0.0005589205394920309,0.3786934523018257,0,neutral,normal,0.5374280230326296,0.44785668586052463,0.014715291106845812
USDINR=X,2026-02-17 04:00:00+00:00,train_oos,weighted_baseline,-0.08457605538109225,0.3829009368692752,-1,down,normal,0.5374280230326296,0.44785668586052463,0.014715291106845812
TATASTEEL.NS,2026-02-17 04:45:00+00:00,train_oos,weighted_baseline,-0.05734666093839534,0.38645503178036833,-1,down,normal,0.5374280230326296,0.44785668586052463,0.014715291106845812
USDINR=X,2026-02-17 05:00:00+00:00,train_oos,weighted_baseline,0.0681387166204655,0.3868719457094788,1,up,normal,0.5374280230326296,0.44785668586052463,0.014715291106845812
TATASTEEL.NS,2026-02-17 05:45:00+00:00,train_oos,weighted_baseline,0.02584353302595154,0.3858903880916996,1,up,normal,0.5374280230326296,0.44785668586052463,0.014715291106845812
USDINR=X,2026-02-17 06:00:00+00:00,train_oos,weighted_baseline,0.116301086174798,0.4148676414185716,1,up,normal,0.5374280230326296,0.44785668586052463,0.014715291106845812
TATASTEEL.NS,2026-02-17 06:45:00+00:00,train_oos,weighted_baseline,-0.020806351234506915,0.3908701521874898,-1,down,normal,0.5374280230326296,0.44785668586052463,0.014715291106845812
USDINR=X,2026-02-17 07:00:00+00:00,train_oos,weighted_baseline,0.04580327630494163,0.3843946678276594,1,up,normal,0.5374280230326296,0.44785668586052463,0.014715291106845812
TATASTEEL.NS,2026-02-17 07:45:00+00:00,train_oos,weighted_baseline,-0.12379896257853007,0.4272822174624266,-1,down,normal,0.5374280230326296,0.44785668586052463,0.014715291106845812
USDINR=X,2026-02-17 08:00:00+00:00,train_oos,weighted_baseline,0.11136902275805628,0.40066195708811947,1,up,normal,0.5374280230326296,0.44785668586052463,0.014715291106845812
TATASTEEL.NS,2026-02-17 08:45:00+00:00,train_oos,weighted_baseline,-0.1857832676412503,0.44024798910540097,-1,down,normal,0.5374280230326296,0.44785668586052463,0.014715291106845812
USDINR=X,2026-02-17 09:00:00+00:00,train_oos,weighted_baseline,0.18736303747281213,0.4272769182304496,1,up,normal,0.5374280230326296,0.44785668586052463,0.014715291106845812
TATASTEEL.NS,2026-02-17 09:45:00+00:00,train_oos,weighted_baseline,-0.24233375788470166,0.515229080687558,-1,down,normal,0.5374280230326296,0.44785668586052463,0.014715291106845812
USDINR=X,2026-02-17 10:00:00+00:00,train_oos,weighted_baseline,0.1824224373834878,0.4427955459445364,1,up,normal,0.5374280230326296,0.44785668586052463,0.014715291106845812
TATASTEEL.NS,2026-02-18 03:45:00+00:00,train_oos,weighted_baseline,-0.014869091621316147,0.33239376653460684,-1,down,reduced,0.48805681084570696,0.49709489993544226,0.014848289218850874
USDINR=X,2026-02-18 04:00:00+00:00,train_oos,weighted_baseline,0.21279606450746247,0.46142022768352475,1,up,normal,0.5374280230326296,0.44785668586052463,0.014715291106845812
TATASTEEL.NS,2026-02-18 04:45:00+00:00,train_oos,weighted_baseline,-0.32174602463022367,0.49979078952421885,-1,down,normal,0.5374280230326296,0.44785668586052463,0.014715291106845812
USDINR=X,2026-02-18 05:00:00+00:00,train_oos,weighted_baseline,0.20752516478632124,0.4638111568494453,1,up,normal,0.5374280230326296,0.44785668586052463,0.014715291106845812
TATASTEEL.NS,2026-02-18 05:45:00+00:00,train_oos,weighted_baseline,-0.24972857703226617,0.4818841439795779,-1,down,normal,0.5374280230326296,0.44785668586052463,0.014715291106845812
USDINR=X,2026-02-18 06:00:00+00:00,train_oos,weighted_baseline,0.29502788079238984,0.5020142672831271,1,up,normal,0.5374280230326296,0.44785668586052463,0.014715291106845812
TATASTEEL.NS,2026-02-18 06:45:00+00:00,train_oos,weighted_baseline,-0.203542781735446,0.44885355500494517,-1,down,normal,0.5374280230326296,0.44785668586052463,0.014715291106845812
USDINR=X,2026-02-18 07:00:00+00:00,train_oos,weighted_baseline,0.2938731945614312,0.5299525815370972,1,up,normal,0.5374280230326296,0.44785668586052463,0.014715291106845812
TATASTEEL.NS,2026-02-18 07:45:00+00:00,train_oos,weighted_baseline,-0.14946050385716156,0.41126325721367696,-1,down,normal,0.5374280230326296,0.44785668586052463,0.014715291106845812
USDINR=X,2026-02-18 08:00:00+00:00,train_oos,weighted_baseline,0.2348136029128231,0.489416094785354,1,up,normal,0.5374280230326296,0.44785668586052463,0.014715291106845812
TATASTEEL.NS,2026-02-18 08:45:00+00:00,train_oos,weighted_baseline,-0.28473850769316966,0.4968149832330394,-1,down,normal,0.5374280230326296,0.44785668586052463,0.014715291106845812
USDINR=X,2026-02-18 09:00:00+00:00,train_oos,weighted_baseline,0.19950965935935122,0.4632527481226695,1,up,normal,0.5374280230326296,0.44785668586052463,0.014715291106845812
TATASTEEL.NS,2026-02-18 09:45:00+00:00,train_oos,weighted_baseline,-0.2478594261250423,0.47757963846736046,-1,down,normal,0.5374280230326296,0.44785668586052463,0.014715291106845812
USDINR=X,2026-02-18 10:00:00+00:00,train_oos,weighted_baseline,0.2724584671853108,0.5106004087900402,1,up,normal,0.5374280230326296,0.44785668586052463,0.014715291106845812
TATASTEEL.NS,2026-02-19 03:45:00+00:00,test,weighted_baseline,-0.2025960621835302,0.43924682637682994,-1,down,normal,0.5374280230326296,0.44785668586052463,0.014715291106845812
USDINR=X,2026-02-19 04:00:00+00:00,test,weighted_baseline,0.0,0.055847775005904654,0,neutral,protective,0.3920653442240373,0.5989887203422792,0.008945935433683393
TATASTEEL.NS,2026-02-19 04:45:00+00:00,test,weighted_baseline,-0.2464536344763886,0.4651376117702718,-1,down,normal,0.5374280230326296,0.44785668586052463,0.014715291106845812
USDINR=X,2026-02-19 05:00:00+00:00,test,weighted_baseline,-0.13602045944401878,0.5729375937622925,-1,down,normal,0.5374280230326296,0.44785668586052463,0.014715291106845812
TATASTEEL.NS,2026-02-19 05:45:00+00:00,test,weighted_baseline,-0.2033943419449586,0.43455665694831647,-1,down,normal,0.5374280230326296,0.44785668586052463,0.014715291106845812
USDINR=X,2026-02-19 06:00:00+00:00,test,weighted_baseline,-0.11629151483069504,0.5768606241290379,-1,down,normal,0.5374280230326296,0.44785668586052463,0.014715291106845812
TATASTEEL.NS,2026-02-19 06:45:00+00:00,test,weighted_baseline,-0.162669180167414,0.41123774538184205,-1,down,normal,0.5374280230326296,0.44785668586052463,0.014715291106845812
USDINR=X,2026-02-19 07:00:00+00:00,test,weighted_baseline,-0.28155600132083514,0.46973843751363575,-1,down,normal,0.5374280230326296,0.44785668586052463,0.014715291106845812
TATASTEEL.NS,2026-02-19 07:45:00+00:00,test,weighted_baseline,-0.11984444003954647,0.44440632241672196,-1,down,normal,0.5374280230326296,0.44785668586052463,0.014715291106845812
USDINR=X,2026-02-19 08:00:00+00:00,test,weighted_baseline,-0.2605209898992469,0.44197220780326685,-1,down,normal,0.5374280230326296,0.44785668586052463,0.014715291106845812
TATASTEEL.NS,2026-02-19 08:45:00+00:00,test,weighted_baseline,-0.17950974816351914,0.40762419762342667,-1,down,normal,0.5374280230326296,0.44785668586052463,0.014715291106845812
USDINR=X,2026-02-19 09:00:00+00:00,test,weighted_baseline,-0.35571329385994865,0.5294330017074582,-1,down,normal,0.5374280230326296,0.44785668586052463,0.014715291106845812
TATASTEEL.NS,2026-02-19 09:45:00+00:00,test,weighted_baseline,-0.018890245991434983,0.3883935339535227,-1,down,normal,0.5374280230326296,0.44785668586052463,0.014715291106845812
USDINR=X,2026-02-19 10:00:00+00:00,test,weighted_baseline,-0.4252421372863193,0.6067304872645963,-1,down,normal,0.5374280230326296,0.44785668586052463,0.014715291106845812
TATASTEEL.NS,2026-02-20 03:45:00+00:00,test,weighted_baseline,0.12176883688797943,0.4213613871203079,1,up,normal,0.5374280230326296,0.44785668586052463,0.014715291106845812
USDINR=X,2026-02-20 04:00:00+00:00,test,weighted_baseline,-0.27453106680913386,0.479092368688986,-1,down,normal,0.5374280230326296,0.44785668586052463,0.014715291106845812
TATASTEEL.NS,2026-02-20 04:45:00+00:00,test,weighted_baseline,-0.07448479266485976,0.3889953768926079,-1,down,normal,0.5374280230326296,0.44785668586052463,0.014715291106845812
USDINR=X,2026-02-20 05:00:00+00:00,test,weighted_baseline,-0.21204905069727872,0.4413989103722863,-1,down,normal,0.5374280230326296,0.44785668586052463,0.014715291106845812
TATASTEEL.NS,2026-02-20 05:45:00+00:00,test,weighted_baseline,-0.07532834392424145,0.38528089937386634,-1,down,normal,0.5374280230326296,0.44785668586052463,0.014715291106845812
USDINR=X,2026-02-20 06:00:00+00:00,test,weighted_baseline,-0.19448488728481142,0.4640881871959499,-1,down,normal,0.5374280230326296,0.44785668586052463,0.014715291106845812
TATASTEEL.NS,2026-02-20 06:45:00+00:00,test,weighted_baseline,-0.15618035530824562,0.44148831788732745,-1,down,normal,0.5374280230326296,0.44785668586052463,0.014715291106845812
USDINR=X,2026-02-20 07:00:00+00:00,test,weighted_baseline,-0.10277123822432271,0.42592603225717274,-1,down,normal,0.5374280230326296,0.44785668586052463,0.014715291106845812
TATASTEEL.NS,2026-02-20 07:45:00+00:00,test,weighted_baseline,-0.10601693677731441,0.4101238604361902,-1,down,normal,0.5374280230326296,0.44785668586052463,0.014715291106845812
USDINR=X,2026-02-20 08:00:00+00:00,test,weighted_baseline,-0.1113032290302658,0.4495533280600216,-1,down,normal,0.5374280230326296,0.44785668586052463,0.014715291106845812
TATASTEEL.NS,2026-02-20 08:45:00+00:00,test,weighted_baseline,-0.24224935973764183,0.4833449748372542,-1,down,normal,0.5374280230326296,0.44785668586052463,0.014715291106845812
USDINR=X,2026-02-20 09:00:00+00:00,test,weighted_baseline,-0.08851261804436354,0.4341803144438293,-1,down,normal,0.5374280230326296,0.44785668586052463,0.014715291106845812
TATASTEEL.NS,2026-02-20 09:45:00+00:00,test,weighted_baseline,-0.16235444268482424,0.47914683610289366,-1,down,normal,0.5374280230326296,0.44785668586052463,0.014715291106845812
USDINR=X,2026-02-20 10:00:00+00:00,test,weighted_baseline,-0.16973097285714875,0.41662761209002397,-1,down,normal,0.5374280230326296,0.44785668586052463,0.014715291106845812
TATASTEEL.NS,2026-02-23 03:45:00+00:00,test,weighted_baseline,-0.06570974883112131,0.43298427006376294,-1,down,normal,0.5374280230326296,0.44785668586052463,0.014715291106845812
USDINR=X,2026-02-23 04:00:00+00:00,test,weighted_baseline,0.05066762082850451,0.37845042134293505,1,up,reduced,0.48805681084570696,0.49709489993544226,0.014848289218850874
TATASTEEL.NS,2026-02-23 04:45:00+00:00,test,weighted_baseline,-0.00922113444065147,0.6975777726899361,-1,down,normal,0.5374280230326296,0.44785668586052463,0.014715291106845812
USDINR=X,2026-02-23 05:00:00+00:00,test,weighted_baseline,0.0009203402142676704,0.7108442650332248,0,neutral,normal,0.5374280230326296,0.44785668586052463,0.014715291106845812
TATASTEEL.NS,2026-02-23 05:45:00+00:00,test,weighted_baseline,-0.4176665359037208,0.5877354006807178,-1,down,normal,0.5374280230326296,0.44785668586052463,0.014715291106845812
USDINR=X,2026-02-23 06:00:00+00:00,test,weighted_baseline,0.002678686889971776,0.7079332951580316,1,up,normal,0.5374280230326296,0.44785668586052463,0.014715291106845812
TATASTEEL.NS,2026-02-23 06:45:00+00:00,test,weighted_baseline,-0.32908008727760074,0.5076388763276097,-1,down,normal,0.5374280230326296,0.44785668586052463,0.014715291106845812
USDINR=X,2026-02-23 07:00:00+00:00,test,weighted_baseline,0.016102895149109474,0.6973539591433395,1,up,normal,0.5374280230326296,0.44785668586052463,0.014715291106845812
TATASTEEL.NS,2026-02-23 07:45:00+00:00,test,weighted_baseline,0.13923492242987054,0.43683540806394305,1,up,normal,0.5374280230326296,0.44785668586052463,0.014715291106845812
USDINR=X,2026-02-23 08:00:00+00:00,test,weighted_baseline,0.0014390468772659344,0.6976947001390733,0,neutral,normal,0.5374280230326296,0.44785668586052463,0.014715291106845812
TATASTEEL.NS,2026-02-23 08:45:00+00:00,test,weighted_baseline,0.017310994471575795,0.4179608018494524,1,up,normal,0.5374280230326296,0.44785668586052463,0.014715291106845812
USDINR=X,2026-02-23 09:00:00+00:00,test,weighted_baseline,0.0036351766583174747,0.7034908965832865,1,up,normal,0.5374280230326296,0.44785668586052463,0.014715291106845812
TATASTEEL.NS,2026-02-23 09:45:00+00:00,test,weighted_baseline,0.00242936781637182,0.4385148017670227,0,neutral,normal,0.5374280230326296,0.44785668586052463,0.014715291106845812
USDINR=X,2026-02-23 10:00:00+00:00,test,weighted_baseline,0.01080286741640972,0.6952304509882163,1,up,normal,0.5374280230326296,0.44785668586052463,0.014715291106845812
TATASTEEL.NS,2026-02-24 03:45:00+00:00,test,weighted_baseline,0.08150411076654979,0.45846976581672394,1,up,normal,0.5374280230326296,0.44785668586052463,0.014715291106845812
USDINR=X,2026-02-24 04:00:00+00:00,test,weighted_baseline,-0.003930926536846072,0.6926570926868831,-1,down,normal,0.5374280230326296,0.44785668586052463,0.014715291106845812
TATASTEEL.NS,2026-02-24 04:45:00+00:00,test,weighted_baseline,0.014493189336510982,0.4363951552457258,1,up,normal,0.5374280230326296,0.44785668586052463,0.014715291106845812
USDINR=X,2026-02-24 05:00:00+00:00,test,weighted_baseline,-0.0020987014810353913,0.7025821107467138,-1,down,normal,0.5374280230326296,0.44785668586052463,0.014715291106845812
TATASTEEL.NS,2026-02-24 05:45:00+00:00,test,weighted_baseline,0.019728724767508296,0.38083248531953895,1,up,normal,0.5374280230326296,0.44785668586052463,0.014715291106845812
USDINR=X,2026-02-24 06:00:00+00:00,test,weighted_baseline,-0.001429717516367467,0.697572991440147,-1,down,normal,0.5374280230326296,0.44785668586052463,0.014715291106845812
TATASTEEL.NS,2026-02-24 06:45:00+00:00,test,weighted_baseline,-0.03664446638366459,0.37697539485816406,-1,down,normal,0.5374280230326296,0.44785668586052463,0.014715291106845812
USDINR=X,2026-02-24 07:00:00+00:00,test,weighted_baseline,-0.0034707415683797004,0.6856277831247874,-1,down,normal,0.5374280230326296,0.44785668586052463,0.014715291106845812
TATASTEEL.NS,2026-02-24 07:45:00+00:00,test,weighted_baseline,-0.06331508514127682,0.38284735681520354,-1,down,normal,0.5374280230326296,0.44785668586052463,0.014715291106845812
USDINR=X,2026-02-24 08:00:00+00:00,test,weighted_baseline,-0.003599320183900496,0.691047078545973,-1,down,normal,0.5374280230326296,0.44785668586052463,0.014715291106845812
TATASTEEL.NS,2026-02-24 08:45:00+00:00,test,weighted_baseline,-0.12536570902282826,0.4126877794326376,-1,down,normal,0.5374280230326296,0.44785668586052463,0.014715291106845812
USDINR=X,2026-02-24 09:00:00+00:00,test,weighted_baseline,-0.002071894526658393,0.6873333127916712,-1,down,normal,0.5374280230326296,0.44785668586052463,0.014715291106845812
